Timestamp	Normalizacao	PCA	Treino%	Classificador	k	Distancia	Acc_Val	Acc_Test	Precision_Test	Recall_Test	F1_Test	Tempo_Treino_s	Tempo_Pred_s	Tempo_Total_s
20250608_162802	padrao	10	0.6	knn	1	euclidean	0.890	0.892	0.892	0.892	0.892	0.048271	1.711566	1.779325
20250608_162805	padrao	10	0.6	knn	1	manhattan	0.884	0.887	0.887	0.887	0.887	0.047955	3.132152	3.199708
20250608_162807	padrao	10	0.6	knn	1	chebyshev	0.878	0.883	0.883	0.883	0.883	0.048123	1.324111	1.392203
20250608_162809	padrao	10	0.6	knn	3	euclidean	0.903	0.903	0.903	0.903	0.903	0.048903	2.114734	2.183275
20250608_162813	padrao	10	0.6	knn	3	manhattan	0.898	0.899	0.899	0.899	0.899	0.047607	4.095556	4.162385
20250608_162815	padrao	10	0.6	knn	3	chebyshev	0.893	0.898	0.898	0.898	0.897	0.047347	1.538730	1.605597
20250608_162817	padrao	10	0.6	knn	5	euclidean	0.907	0.907	0.907	0.907	0.907	0.047647	2.349574	2.418068
20250608_162822	padrao	10	0.6	knn	5	manhattan	0.904	0.904	0.905	0.904	0.904	0.050656	4.585254	4.656665
20250608_162823	padrao	10	0.6	knn	5	chebyshev	0.900	0.901	0.901	0.901	0.901	0.048004	1.657872	1.725607
20250608_162826	padrao	10	0.6	knn	7	euclidean	0.908	0.908	0.908	0.908	0.908	0.049085	2.523000	2.592037
20250608_162831	padrao	10	0.6	knn	7	manhattan	0.905	0.905	0.905	0.905	0.905	0.048846	4.872131	4.941194
20250608_162833	padrao	10	0.6	knn	7	chebyshev	0.903	0.900	0.901	0.900	0.900	0.048194	1.765499	1.833674
20250608_162836	padrao	10	0.6	log			0.799	0.800	0.800	0.800	0.800	3.093429	0.002216	3.116180
20250608_162839	padrao	10	0.6	log			0.799	0.800	0.800	0.800	0.800	3.045309	0.002347	3.067529
20250608_162842	padrao	10	0.6	log			0.799	0.800	0.800	0.800	0.800	3.115670	0.002110	3.138630
20250608_162845	padrao	10	0.6	log			0.799	0.800	0.800	0.800	0.800	3.085415	0.004782	3.110735
20250608_162848	padrao	10	0.6	log			0.799	0.800	0.800	0.800	0.800	3.215275	0.002316	3.237223
20250608_162852	padrao	10	0.6	log			0.799	0.800	0.800	0.800	0.800	3.085134	0.002142	3.107397
20250608_162855	padrao	10	0.6	log			0.799	0.800	0.800	0.800	0.800	3.176722	0.002031	3.198727
20250608_162858	padrao	10	0.6	log			0.799	0.800	0.800	0.800	0.800	3.074196	0.002417	3.097510
20250608_162901	padrao	10	0.6	log			0.799	0.800	0.800	0.800	0.800	3.134895	0.002097	3.157438
20250608_162904	padrao	10	0.6	log			0.799	0.800	0.800	0.800	0.800	3.376934	0.002115	3.399821
20250608_162908	padrao	10	0.6	log			0.799	0.800	0.800	0.800	0.800	3.296479	0.002173	3.321032
20250608_162911	padrao	10	0.6	log			0.799	0.800	0.800	0.800	0.800	3.326585	0.002133	3.350772
20250608_162912	padrao	10	0.9	knn	1	euclidean	0.895	0.895	0.894	0.895	0.894	0.081234	0.445362	0.539402
20250608_162913	padrao	10	0.9	knn	1	manhattan	0.890	0.889	0.889	0.889	0.889	0.080357	0.923662	1.016811
20250608_162913	padrao	10	0.9	knn	1	chebyshev	0.885	0.889	0.888	0.889	0.888	0.080643	0.366739	0.459572
20250608_162914	padrao	10	0.9	knn	3	euclidean	0.906	0.910	0.910	0.910	0.909	0.083244	0.550292	0.646144
20250608_162915	padrao	10	0.9	knn	3	manhattan	0.904	0.906	0.906	0.906	0.906	0.080177	1.035532	1.128342
20250608_162915	padrao	10	0.9	knn	3	chebyshev	0.899	0.901	0.901	0.901	0.900	0.088178	0.397462	0.499424
20250608_162916	padrao	10	0.9	knn	5	euclidean	0.913	0.916	0.916	0.916	0.916	0.084812	0.609909	0.708028
20250608_162917	padrao	10	0.9	knn	5	manhattan	0.908	0.907	0.907	0.907	0.906	0.084681	1.179642	1.277020
20250608_162918	padrao	10	0.9	knn	5	chebyshev	0.898	0.906	0.906	0.906	0.906	0.088956	0.601956	0.704428
20250608_162919	padrao	10	0.9	knn	7	euclidean	0.912	0.915	0.915	0.915	0.915	0.084962	0.650676	0.748583
20250608_162920	padrao	10	0.9	knn	7	manhattan	0.907	0.910	0.910	0.910	0.909	0.083171	1.259326	1.356033
20250608_162921	padrao	10	0.9	knn	7	chebyshev	0.898	0.910	0.911	0.910	0.910	0.080811	0.442965	0.536157
20250608_162925	padrao	10	0.9	log			0.795	0.805	0.804	0.805	0.804	4.113643	0.000833	4.127137
20250608_162929	padrao	10	0.9	log			0.795	0.805	0.804	0.805	0.804	4.106131	0.000857	4.119918
20250608_162933	padrao	10	0.9	log			0.795	0.805	0.804	0.805	0.804	4.190318	0.003424	4.206454
20250608_162937	padrao	10	0.9	log			0.795	0.805	0.804	0.805	0.804	4.053768	0.000879	4.067295
20250608_162941	padrao	10	0.9	log			0.795	0.805	0.804	0.805	0.804	4.069886	0.001218	4.083675
20250608_162945	padrao	10	0.9	log			0.795	0.805	0.804	0.805	0.804	4.063765	0.000862	4.077120
20250608_162950	padrao	10	0.9	log			0.795	0.805	0.804	0.805	0.804	4.147061	0.000838	4.160318
20250608_162954	padrao	10	0.9	log			0.795	0.805	0.804	0.805	0.804	4.134928	0.000967	4.149557
20250608_162958	padrao	10	0.9	log			0.795	0.805	0.804	0.805	0.804	4.075425	0.000868	4.088573
20250608_163002	padrao	10	0.9	log			0.795	0.805	0.804	0.805	0.804	4.156915	0.000851	4.171850
20250608_163006	padrao	10	0.9	log			0.795	0.805	0.804	0.805	0.804	4.247765	0.000837	4.261775
20250608_163011	padrao	10	0.9	log			0.795	0.805	0.804	0.805	0.804	4.430509	0.001162	4.446030
20250608_163014	padrao	50	0.6	knn	1	euclidean	0.955	0.955	0.955	0.955	0.955	0.003876	2.170877	2.200082
20250608_163022	padrao	50	0.6	knn	1	manhattan	0.952	0.952	0.952	0.952	0.952	0.003744	8.674102	8.704299
20250608_163032	padrao	50	0.6	knn	1	chebyshev	0.940	0.936	0.936	0.936	0.936	0.003806	9.199890	9.227882
20250608_163034	padrao	50	0.6	knn	3	euclidean	0.958	0.957	0.957	0.957	0.957	0.003736	2.104080	2.131896
20250608_163043	padrao	50	0.6	knn	3	manhattan	0.955	0.955	0.955	0.955	0.955	0.003744	8.826946	8.855386
20250608_163052	padrao	50	0.6	knn	3	chebyshev	0.944	0.942	0.942	0.942	0.942	0.004088	9.678127	9.706822
20250608_163054	padrao	50	0.6	knn	5	euclidean	0.958	0.956	0.956	0.956	0.956	0.003727	2.043559	2.072495
20250608_163103	padrao	50	0.6	knn	5	manhattan	0.955	0.954	0.954	0.954	0.954	0.003648	8.237090	8.264583
20250608_163112	padrao	50	0.6	knn	5	chebyshev	0.944	0.942	0.942	0.942	0.942	0.003643	9.451291	9.478758
20250608_163114	padrao	50	0.6	knn	7	euclidean	0.955	0.956	0.956	0.956	0.956	0.003655	2.025973	2.054134
20250608_163123	padrao	50	0.6	knn	7	manhattan	0.952	0.953	0.953	0.953	0.953	0.003653	8.217220	8.244937
20250608_163132	padrao	50	0.6	knn	7	chebyshev	0.942	0.942	0.942	0.942	0.942	0.003650	9.200810	9.228389
20250608_163142	padrao	50	0.6	log			0.901	0.901	0.901	0.901	0.901	9.764299	0.003577	9.792095
20250608_163151	padrao	50	0.6	log			0.901	0.901	0.901	0.901	0.901	9.765039	0.003542	9.792672
20250608_163201	padrao	50	0.6	log			0.901	0.901	0.901	0.901	0.901	9.777730	0.003639	9.805649
20250608_163211	padrao	50	0.6	log			0.901	0.901	0.901	0.901	0.901	9.785972	0.003558	9.814109
20250608_163221	padrao	50	0.6	log			0.901	0.901	0.901	0.901	0.901	9.744215	0.003511	9.771764
20250608_163231	padrao	50	0.6	log			0.901	0.901	0.901	0.901	0.901	9.754815	0.003624	9.782730
20250608_163240	padrao	50	0.6	log			0.901	0.901	0.901	0.901	0.901	9.737278	0.003699	9.764983
20250608_163250	padrao	50	0.6	log			0.901	0.901	0.901	0.901	0.901	9.756502	0.003470	9.784186
20250608_163300	padrao	50	0.6	log			0.901	0.901	0.901	0.901	0.901	9.724492	0.003586	9.751871
20250608_163310	padrao	50	0.6	log			0.901	0.901	0.901	0.901	0.901	9.705428	0.003530	9.732598
20250608_163319	padrao	50	0.6	log			0.901	0.901	0.901	0.901	0.901	9.664068	0.003555	9.690897
20250608_163329	padrao	50	0.6	log			0.901	0.901	0.901	0.901	0.901	9.694664	0.003592	9.722030
20250608_163330	padrao	50	0.9	knn	1	euclidean	0.960	0.964	0.964	0.964	0.964	0.005057	0.668009	0.689573
20250608_163333	padrao	50	0.9	knn	1	manhattan	0.956	0.958	0.958	0.958	0.958	0.004952	3.702151	3.722224
20250608_163337	padrao	50	0.9	knn	1	chebyshev	0.950	0.947	0.947	0.947	0.946	0.005011	4.066465	4.086894
20250608_163338	padrao	50	0.9	knn	3	euclidean	0.961	0.961	0.961	0.961	0.960	0.004936	0.619538	0.639490
20250608_163342	padrao	50	0.9	knn	3	manhattan	0.957	0.958	0.958	0.958	0.958	0.004988	3.688336	3.708573
20250608_163346	padrao	50	0.9	knn	3	chebyshev	0.952	0.948	0.948	0.948	0.948	0.004953	4.044252	4.064507
20250608_163347	padrao	50	0.9	knn	5	euclidean	0.960	0.962	0.962	0.962	0.962	0.004927	0.624520	0.644524
20250608_163350	padrao	50	0.9	knn	5	manhattan	0.961	0.959	0.959	0.959	0.959	0.004937	3.711304	3.731381
20250608_163354	padrao	50	0.9	knn	5	chebyshev	0.947	0.952	0.952	0.952	0.952	0.004925	4.037553	4.057721
20250608_163355	padrao	50	0.9	knn	7	euclidean	0.958	0.961	0.961	0.961	0.961	0.004921	0.651747	0.671767
20250608_163359	padrao	50	0.9	knn	7	manhattan	0.958	0.960	0.960	0.960	0.960	0.005031	3.708652	3.729061
20250608_163403	padrao	50	0.9	knn	7	chebyshev	0.946	0.949	0.949	0.949	0.949	0.004969	4.038498	4.058698
20250608_163417	padrao	50	0.9	log			0.901	0.900	0.900	0.900	0.899	13.874931	0.001158	13.891238
20250608_163431	padrao	50	0.9	log			0.901	0.900	0.900	0.900	0.899	13.994731	0.001226	14.011408
20250608_163445	padrao	50	0.9	log			0.901	0.900	0.900	0.900	0.899	13.943727	0.001642	13.960769
20250608_163459	padrao	50	0.9	log			0.901	0.900	0.900	0.900	0.899	13.882251	0.001135	13.898739
20250608_163512	padrao	50	0.9	log			0.901	0.900	0.900	0.900	0.899	13.924520	0.001171	13.941121
20250608_163526	padrao	50	0.9	log			0.901	0.900	0.900	0.900	0.899	13.915258	0.001155	13.931584
20250608_163540	padrao	50	0.9	log			0.901	0.900	0.900	0.900	0.899	13.895077	0.001130	13.911681
20250608_163554	padrao	50	0.9	log			0.901	0.900	0.900	0.900	0.899	14.026296	0.001086	14.044044
20250608_163608	padrao	50	0.9	log			0.901	0.900	0.900	0.900	0.899	13.964880	0.001150	13.981139
20250608_163622	padrao	50	0.9	log			0.901	0.900	0.900	0.900	0.899	13.935823	0.001161	13.952030
20250608_163636	padrao	50	0.9	log			0.901	0.900	0.900	0.900	0.899	13.975911	0.001142	13.992681
20250608_163650	padrao	50	0.9	log			0.901	0.900	0.900	0.900	0.899	13.991336	0.001133	14.008128
20250608_163654	padrao	100	0.6	knn	1	euclidean	0.954	0.955	0.955	0.955	0.955	0.004721	2.437099	2.472176
20250608_163711	padrao	100	0.6	knn	1	manhattan	0.951	0.950	0.950	0.950	0.950	0.004728	17.515671	17.550693
20250608_163732	padrao	100	0.6	knn	1	chebyshev	0.939	0.936	0.936	0.936	0.936	0.004526	20.884315	20.919352
20250608_163735	padrao	100	0.6	knn	3	euclidean	0.957	0.955	0.955	0.955	0.955	0.004530	2.424586	2.458829
20250608_163752	padrao	100	0.6	knn	3	manhattan	0.953	0.952	0.952	0.952	0.952	0.004526	17.571069	17.605762
20250608_163813	padrao	100	0.6	knn	3	chebyshev	0.942	0.942	0.942	0.942	0.942	0.004513	20.748283	20.783115
20250608_163815	padrao	100	0.6	knn	5	euclidean	0.955	0.956	0.956	0.956	0.956	0.004511	2.436459	2.470841
20250608_163833	padrao	100	0.6	knn	5	manhattan	0.951	0.953	0.952	0.953	0.952	0.004521	17.710093	17.745337
20250608_163854	padrao	100	0.6	knn	5	chebyshev	0.943	0.941	0.941	0.941	0.941	0.004581	20.799099	20.834038
20250608_163856	padrao	100	0.6	knn	7	euclidean	0.954	0.955	0.955	0.955	0.955	0.004540	2.456410	2.491211
20250608_163914	padrao	100	0.6	knn	7	manhattan	0.950	0.950	0.950	0.950	0.950	0.004651	17.536970	17.572070
20250608_163935	padrao	100	0.6	knn	7	chebyshev	0.942	0.942	0.942	0.942	0.942	0.004667	20.803268	20.838043
20250608_163953	padrao	100	0.6	log			0.909	0.908	0.907	0.908	0.907	18.449806	0.005366	18.485354
20250608_164012	padrao	100	0.6	log			0.909	0.908	0.907	0.908	0.907	18.470022	0.005402	18.506661
20250608_164030	padrao	100	0.6	log			0.909	0.908	0.907	0.908	0.907	18.517892	0.005615	18.554749
20250608_164049	padrao	100	0.6	log			0.909	0.908	0.907	0.908	0.907	18.392073	0.005383	18.428285
20250608_164107	padrao	100	0.6	log			0.909	0.908	0.907	0.908	0.907	18.446495	0.005359	18.482148
20250608_164126	padrao	100	0.6	log			0.909	0.908	0.907	0.908	0.907	18.413439	0.005377	18.450215
20250608_164144	padrao	100	0.6	log			0.909	0.908	0.907	0.908	0.907	18.341255	0.005300	18.377404
20250608_164202	padrao	100	0.6	log			0.909	0.908	0.907	0.908	0.907	18.291954	0.005418	18.328325
20250608_164221	padrao	100	0.6	log			0.909	0.908	0.907	0.908	0.907	18.248305	0.005376	18.284252
20250608_164239	padrao	100	0.6	log			0.909	0.908	0.907	0.908	0.907	18.270252	0.005422	18.305876
20250608_164257	padrao	100	0.6	log			0.909	0.908	0.907	0.908	0.907	18.270008	0.005406	18.305500
20250608_164316	padrao	100	0.6	log			0.909	0.908	0.907	0.908	0.907	18.298879	0.005388	18.334260
20250608_164317	padrao	100	0.9	knn	1	euclidean	0.958	0.963	0.963	0.963	0.963	0.006373	0.817227	0.844340
20250608_164324	padrao	100	0.9	knn	1	manhattan	0.954	0.958	0.958	0.958	0.958	0.006224	7.844787	7.870691
20250608_164334	padrao	100	0.9	knn	1	chebyshev	0.947	0.948	0.948	0.948	0.948	0.006373	9.505750	9.532311
20250608_164335	padrao	100	0.9	knn	3	euclidean	0.960	0.959	0.959	0.959	0.959	0.006191	0.782323	0.807935
20250608_164343	padrao	100	0.9	knn	3	manhattan	0.957	0.960	0.960	0.960	0.960	0.006180	7.873163	7.898992
20250608_164352	padrao	100	0.9	knn	3	chebyshev	0.949	0.949	0.949	0.949	0.949	0.006187	9.354132	9.380057
20250608_164353	padrao	100	0.9	knn	5	euclidean	0.960	0.961	0.961	0.961	0.960	0.006171	0.783645	0.809189
20250608_164401	padrao	100	0.9	knn	5	manhattan	0.957	0.958	0.958	0.958	0.958	0.006289	7.861060	7.887108
20250608_164410	padrao	100	0.9	knn	5	chebyshev	0.947	0.950	0.950	0.950	0.950	0.006182	9.304911	9.330932
20250608_164411	padrao	100	0.9	knn	7	euclidean	0.957	0.960	0.960	0.960	0.960	0.006148	0.786718	0.812475
20250608_164419	padrao	100	0.9	knn	7	manhattan	0.956	0.954	0.954	0.954	0.954	0.006236	7.866285	7.892265
20250608_164428	padrao	100	0.9	knn	7	chebyshev	0.947	0.949	0.949	0.949	0.949	0.006201	9.322210	9.348216
20250608_164453	padrao	100	0.9	log			0.911	0.908	0.907	0.908	0.907	24.981988	0.001555	25.003204
20250608_164518	padrao	100	0.9	log			0.911	0.908	0.907	0.908	0.907	24.957534	0.001536	24.979480
20250608_164543	padrao	100	0.9	log			0.911	0.908	0.907	0.908	0.907	25.354576	0.001582	25.376671
20250608_164609	padrao	100	0.9	log			0.911	0.908	0.907	0.908	0.907	25.008518	0.001486	25.030328
20250608_164634	padrao	100	0.9	log			0.911	0.908	0.907	0.908	0.907	24.968486	0.001589	24.990427
20250608_164658	padrao	100	0.9	log			0.911	0.908	0.907	0.908	0.907	24.903668	0.001560	24.925528
20250608_164723	padrao	100	0.9	log			0.911	0.908	0.907	0.908	0.907	24.944651	0.001565	24.966730
20250608_164748	padrao	100	0.9	log			0.911	0.908	0.907	0.908	0.907	24.973074	0.001576	24.995006
20250608_164813	padrao	100	0.9	log			0.911	0.908	0.907	0.908	0.907	24.979156	0.001604	25.001495
20250608_164839	padrao	100	0.9	log			0.911	0.908	0.907	0.908	0.907	25.202964	0.001811	25.225481
20250608_164904	padrao	100	0.9	log			0.911	0.908	0.907	0.908	0.907	25.307256	0.001492	25.330619
20250608_164929	padrao	100	0.9	log			0.911	0.908	0.907	0.908	0.907	24.980370	0.001550	25.002421
20250608_164933	padrao	150	0.6	knn	1	euclidean	0.952	0.951	0.951	0.951	0.951	0.005699	2.882462	2.924455
20250608_165003	padrao	150	0.6	knn	1	manhattan	0.947	0.946	0.946	0.946	0.945	0.005262	30.020856	30.061578
20250608_165035	padrao	150	0.6	knn	1	chebyshev	0.940	0.936	0.936	0.936	0.936	0.005280	32.364715	32.405133
20250608_165038	padrao	150	0.6	knn	3	euclidean	0.955	0.954	0.954	0.954	0.953	0.005229	2.891188	2.930910
20250608_165108	padrao	150	0.6	knn	3	manhattan	0.946	0.947	0.947	0.947	0.947	0.005311	29.956352	29.996733
20250608_165141	padrao	150	0.6	knn	3	chebyshev	0.942	0.942	0.942	0.942	0.942	0.005279	32.357258	32.397622
20250608_165143	padrao	150	0.6	knn	5	euclidean	0.953	0.954	0.954	0.954	0.954	0.005299	2.868363	2.908603
20250608_165214	padrao	150	0.6	knn	5	manhattan	0.946	0.947	0.947	0.947	0.947	0.005322	29.985421	30.025835
20250608_165246	padrao	150	0.6	knn	5	chebyshev	0.943	0.940	0.940	0.940	0.940	0.005229	32.392529	32.432530
20250608_165249	padrao	150	0.6	knn	7	euclidean	0.951	0.953	0.953	0.953	0.953	0.005220	2.883021	2.922666
20250608_165319	padrao	150	0.6	knn	7	manhattan	0.944	0.945	0.945	0.945	0.944	0.005316	29.979516	30.020254
20250608_165351	padrao	150	0.6	knn	7	chebyshev	0.942	0.941	0.941	0.941	0.941	0.005251	32.322114	32.362115
20250608_165422	padrao	150	0.6	log			0.912	0.912	0.912	0.912	0.912	30.355458	0.007259	30.397686
20250608_165452	padrao	150	0.6	log			0.912	0.912	0.912	0.912	0.912	30.414688	0.007315	30.458191
20250608_165522	padrao	150	0.6	log			0.912	0.912	0.912	0.912	0.912	30.309769	0.007334	30.353398
20250608_165554	padrao	150	0.6	log			0.912	0.912	0.912	0.912	0.912	31.259280	0.008525	31.304685
20250608_165625	padrao	150	0.6	log			0.912	0.912	0.912	0.912	0.912	31.156680	0.007652	31.200778
20250608_165656	padrao	150	0.6	log			0.912	0.912	0.912	0.912	0.912	30.880487	0.007323	30.924429
20250608_165727	padrao	150	0.6	log			0.912	0.912	0.912	0.912	0.912	31.064028	0.007267	31.107453
20250608_165758	padrao	150	0.6	log			0.912	0.912	0.912	0.912	0.912	31.003168	0.007331	31.046418
20250608_165829	padrao	150	0.6	log			0.912	0.912	0.912	0.912	0.912	30.906421	0.007252	30.950888
20250608_165900	padrao	150	0.6	log			0.912	0.912	0.912	0.912	0.912	31.373105	0.007263	31.417967
20250608_165931	padrao	150	0.6	log			0.912	0.912	0.912	0.912	0.912	30.894804	0.007244	30.937682
20250608_170002	padrao	150	0.6	log			0.912	0.912	0.912	0.912	0.912	30.856208	0.007315	30.899324
20250608_170003	padrao	150	0.9	knn	1	euclidean	0.957	0.959	0.959	0.959	0.958	0.007486	1.194811	1.230978
20250608_170017	padrao	150	0.9	knn	1	manhattan	0.957	0.958	0.958	0.958	0.958	0.007375	13.743349	13.778769
20250608_170032	padrao	150	0.9	knn	1	chebyshev	0.946	0.948	0.948	0.948	0.948	0.007564	14.892968	14.928256
20250608_170033	padrao	150	0.9	knn	3	euclidean	0.957	0.958	0.958	0.958	0.958	0.007515	0.956269	0.991588
20250608_170047	padrao	150	0.9	knn	3	manhattan	0.954	0.951	0.951	0.951	0.951	0.007395	13.784142	13.819751
20250608_170102	padrao	150	0.9	knn	3	chebyshev	0.948	0.949	0.949	0.949	0.948	0.007590	14.707350	14.743340
20250608_170103	padrao	150	0.9	knn	5	euclidean	0.962	0.957	0.957	0.957	0.957	0.007615	1.070696	1.106343
20250608_170117	padrao	150	0.9	knn	5	manhattan	0.954	0.955	0.955	0.955	0.955	0.007484	14.323014	14.358664
20250608_170133	padrao	150	0.9	knn	5	chebyshev	0.945	0.948	0.948	0.948	0.948	0.007813	15.956795	16.005011
20250608_170135	padrao	150	0.9	knn	7	euclidean	0.957	0.957	0.957	0.957	0.957	0.009242	1.946085	1.990570
20250608_170152	padrao	150	0.9	knn	7	manhattan	0.952	0.951	0.951	0.951	0.950	0.009497	16.372139	16.414270
20250608_170207	padrao	150	0.9	knn	7	chebyshev	0.945	0.947	0.947	0.947	0.947	0.007731	15.587729	15.623907
20250608_170249	padrao	150	0.9	log			0.914	0.912	0.912	0.912	0.912	41.639577	0.002059	41.670886
20250608_170330	padrao	150	0.9	log			0.914	0.912	0.912	0.912	0.912	41.485298	0.002700	41.522063
20250608_170412	padrao	150	0.9	log			0.914	0.912	0.912	0.912	0.912	41.375386	0.003327	41.410390
20250608_170453	padrao	150	0.9	log			0.914	0.912	0.912	0.912	0.912	40.919579	0.002646	40.957510
20250608_170534	padrao	150	0.9	log			0.914	0.912	0.912	0.912	0.912	40.819623	0.002074	40.851201
20250608_170615	padrao	150	0.9	log			0.914	0.912	0.912	0.912	0.912	41.097739	0.002242	41.131302
20250608_170656	padrao	150	0.9	log			0.914	0.912	0.912	0.912	0.912	40.915068	0.002038	40.947114
20250608_170737	padrao	150	0.9	log			0.914	0.912	0.912	0.912	0.912	41.005614	0.002690	41.037647
20250608_170818	padrao	150	0.9	log			0.914	0.912	0.912	0.912	0.912	40.740779	0.002094	40.770810
20250608_170858	padrao	150	0.9	log			0.914	0.912	0.912	0.912	0.912	40.840887	0.002287	40.871571
20250608_170940	padrao	150	0.9	log			0.914	0.912	0.912	0.912	0.912	41.106428	0.001992	41.137570
20250608_171021	padrao	150	0.9	log			0.914	0.912	0.912	0.912	0.912	41.087648	0.002021	41.118213
20250608_171023	255	10	0.6	knn	1	euclidean	0.913	0.914	0.914	0.914	0.914	0.054249	1.911778	1.985389
20250608_171027	255	10	0.6	knn	1	manhattan	0.909	0.907	0.907	0.907	0.907	0.049451	4.266689	4.336445
20250608_171029	255	10	0.6	knn	1	chebyshev	0.903	0.906	0.907	0.906	0.906	0.049023	1.486156	1.555327
20250608_171032	255	10	0.6	knn	3	euclidean	0.924	0.925	0.925	0.925	0.925	0.051100	2.556120	2.626867
20250608_171037	255	10	0.6	knn	3	manhattan	0.921	0.921	0.921	0.921	0.921	0.050012	5.612804	5.682826
20250608_171039	255	10	0.6	knn	3	chebyshev	0.913	0.916	0.916	0.916	0.916	0.050655	1.790143	1.860879
20250608_171042	255	10	0.6	knn	5	euclidean	0.929	0.930	0.930	0.930	0.930	0.052187	2.664675	2.736444
20250608_171048	255	10	0.6	knn	5	manhattan	0.926	0.924	0.924	0.924	0.924	0.050210	5.852503	5.923513
20250608_171050	255	10	0.6	knn	5	chebyshev	0.920	0.922	0.922	0.922	0.921	0.050129	1.860687	1.931442
20250608_171053	255	10	0.6	knn	7	euclidean	0.929	0.930	0.930	0.930	0.930	0.051026	2.885237	2.956292
20250608_171059	255	10	0.6	knn	7	manhattan	0.923	0.926	0.926	0.926	0.926	0.049616	6.292172	6.361797
20250608_171101	255	10	0.6	knn	7	chebyshev	0.920	0.923	0.923	0.923	0.923	0.049686	2.012783	2.083455
20250608_171102	255	10	0.6	log			0.800	0.803	0.802	0.803	0.802	0.368077	0.002193	0.391529
20250608_171102	255	10	0.6	log			0.800	0.803	0.802	0.803	0.802	0.368208	0.003698	0.396991
20250608_171102	255	10	0.6	log			0.800	0.803	0.802	0.803	0.802	0.359242	0.002031	0.382394
20250608_171103	255	10	0.6	log			0.800	0.803	0.802	0.803	0.802	0.339157	0.002167	0.361288
20250608_171103	255	10	0.6	log			0.800	0.803	0.802	0.803	0.802	0.339778	0.002449	0.362535
20250608_171103	255	10	0.6	log			0.800	0.803	0.802	0.803	0.802	0.338470	0.002144	0.362976
20250608_171104	255	10	0.6	log			0.800	0.803	0.802	0.803	0.802	0.347802	0.002135	0.370713
20250608_171104	255	10	0.6	log			0.800	0.803	0.802	0.803	0.802	0.347872	0.002021	0.369674
20250608_171105	255	10	0.6	log			0.800	0.803	0.802	0.803	0.802	0.338373	0.002740	0.362646
20250608_171105	255	10	0.6	log			0.800	0.803	0.802	0.803	0.802	0.349017	0.002263	0.372179
20250608_171105	255	10	0.6	log			0.800	0.803	0.802	0.803	0.802	0.349290	0.002063	0.371494
20250608_171106	255	10	0.6	log			0.800	0.803	0.802	0.803	0.802	0.349718	0.002097	0.373085
20250608_171106	255	10	0.9	knn	1	euclidean	0.914	0.920	0.919	0.920	0.920	0.085558	0.528757	0.627641
20250608_171107	255	10	0.9	knn	1	manhattan	0.912	0.910	0.910	0.910	0.910	0.081652	0.924056	1.018109
20250608_171108	255	10	0.9	knn	1	chebyshev	0.909	0.914	0.914	0.914	0.914	0.080103	0.347597	0.440578
20250608_171108	255	10	0.9	knn	3	euclidean	0.926	0.931	0.931	0.931	0.931	0.081566	0.607138	0.701660
20250608_171110	255	10	0.9	knn	3	manhattan	0.924	0.923	0.922	0.923	0.922	0.081286	1.315680	1.409120
20250608_171110	255	10	0.9	knn	3	chebyshev	0.915	0.923	0.923	0.923	0.923	0.081892	0.440863	0.535592
20250608_171111	255	10	0.9	knn	5	euclidean	0.928	0.935	0.934	0.935	0.934	0.082983	0.713391	0.809092
20250608_171113	255	10	0.9	knn	5	manhattan	0.923	0.927	0.927	0.927	0.927	0.081435	1.414030	1.508329
20250608_171113	255	10	0.9	knn	5	chebyshev	0.915	0.925	0.924	0.925	0.924	0.080884	0.445883	0.540895
20250608_171114	255	10	0.9	knn	7	euclidean	0.927	0.934	0.934	0.934	0.934	0.082457	0.742234	0.838654
20250608_171116	255	10	0.9	knn	7	manhattan	0.925	0.933	0.933	0.933	0.933	0.084767	1.754696	1.852440
20250608_171117	255	10	0.9	knn	7	chebyshev	0.920	0.927	0.926	0.927	0.926	0.080441	0.553678	0.646798
20250608_171117	255	10	0.9	log			0.799	0.800	0.798	0.800	0.798	0.431198	0.001233	0.449385
20250608_171118	255	10	0.9	log			0.799	0.800	0.798	0.800	0.798	0.410482	0.000883	0.425768
20250608_171118	255	10	0.9	log			0.799	0.800	0.798	0.800	0.798	0.402172	0.001056	0.416123
20250608_171118	255	10	0.9	log			0.799	0.800	0.798	0.800	0.798	0.391607	0.000858	0.405314
20250608_171119	255	10	0.9	log			0.799	0.800	0.798	0.800	0.798	0.391153	0.000926	0.405112
20250608_171119	255	10	0.9	log			0.799	0.800	0.798	0.800	0.798	0.411118	0.001028	0.426255
20250608_171120	255	10	0.9	log			0.799	0.800	0.798	0.800	0.798	0.400248	0.000830	0.413808
20250608_171120	255	10	0.9	log			0.799	0.800	0.798	0.800	0.798	0.400087	0.000904	0.414391
20250608_171120	255	10	0.9	log			0.799	0.800	0.798	0.800	0.798	0.420972	0.001288	0.437541
20250608_171121	255	10	0.9	log			0.799	0.800	0.798	0.800	0.798	0.401970	0.003272	0.417519
20250608_171121	255	10	0.9	log			0.799	0.800	0.798	0.800	0.798	0.389359	0.001209	0.404887
20250608_171122	255	10	0.9	log			0.799	0.800	0.798	0.800	0.798	0.399791	0.000896	0.415075
20250608_171124	255	50	0.6	knn	1	euclidean	0.975	0.973	0.973	0.973	0.973	0.003980	2.065941	2.093928
20250608_171133	255	50	0.6	knn	1	manhattan	0.972	0.971	0.971	0.971	0.971	0.003761	8.777913	8.805532
20250608_171143	255	50	0.6	knn	1	chebyshev	0.963	0.961	0.961	0.961	0.961	0.003809	9.495465	9.522996
20250608_171145	255	50	0.6	knn	3	euclidean	0.975	0.975	0.975	0.975	0.975	0.003791	2.034924	2.062495
20250608_171153	255	50	0.6	knn	3	manhattan	0.973	0.972	0.972	0.972	0.972	0.003942	8.690713	8.718408
20250608_171203	255	50	0.6	knn	3	chebyshev	0.965	0.962	0.962	0.962	0.961	0.003735	9.186381	9.213543
20250608_171205	255	50	0.6	knn	5	euclidean	0.974	0.973	0.973	0.973	0.973	0.004005	2.024602	2.052302
20250608_171213	255	50	0.6	knn	5	manhattan	0.972	0.971	0.971	0.971	0.971	0.003696	8.453742	8.480931
20250608_171222	255	50	0.6	knn	5	chebyshev	0.964	0.962	0.962	0.962	0.962	0.003938	9.194119	9.221661
20250608_171224	255	50	0.6	knn	7	euclidean	0.974	0.972	0.972	0.972	0.972	0.003800	2.012705	2.039779
20250608_171233	255	50	0.6	knn	7	manhattan	0.971	0.970	0.970	0.970	0.970	0.003695	8.921874	8.952147
20250608_171243	255	50	0.6	knn	7	chebyshev	0.964	0.962	0.962	0.962	0.961	0.003757	9.316368	9.344222
20250608_171246	255	50	0.6	log			0.905	0.907	0.907	0.907	0.907	3.417987	0.003572	3.446330
20250608_171250	255	50	0.6	log			0.905	0.907	0.907	0.907	0.907	3.428699	0.003843	3.458122
20250608_171253	255	50	0.6	log			0.905	0.907	0.907	0.907	0.907	3.376687	0.003591	3.405332
20250608_171256	255	50	0.6	log			0.905	0.907	0.907	0.907	0.907	3.397360	0.005339	3.428813
20250608_171300	255	50	0.6	log			0.905	0.907	0.907	0.907	0.907	3.515293	0.004742	3.548220
20250608_171304	255	50	0.6	log			0.905	0.907	0.907	0.907	0.907	3.479234	0.003849	3.508571
20250608_171307	255	50	0.6	log			0.905	0.907	0.907	0.907	0.907	3.408835	0.008192	3.446396
20250608_171310	255	50	0.6	log			0.905	0.907	0.907	0.907	0.907	3.410869	0.006647	3.448370
20250608_171314	255	50	0.6	log			0.905	0.907	0.907	0.907	0.907	3.421527	0.003616	3.451375
20250608_171317	255	50	0.6	log			0.905	0.907	0.907	0.907	0.907	3.470752	0.004858	3.502441
20250608_171321	255	50	0.6	log			0.905	0.907	0.907	0.907	0.907	3.486530	0.004240	3.516345
20250608_171324	255	50	0.6	log			0.905	0.907	0.907	0.907	0.907	3.460428	0.004086	3.489788
20250608_171326	255	50	0.9	knn	1	euclidean	0.975	0.977	0.977	0.977	0.977	0.006179	1.249199	1.271073
20250608_171330	255	50	0.9	knn	1	manhattan	0.975	0.976	0.976	0.976	0.976	0.005589	4.293987	4.315442
20250608_171335	255	50	0.9	knn	1	chebyshev	0.968	0.965	0.965	0.965	0.965	0.005689	4.579595	4.603976
20250608_171336	255	50	0.9	knn	3	euclidean	0.977	0.977	0.977	0.977	0.977	0.005367	1.055244	1.076900
20250608_171340	255	50	0.9	knn	3	manhattan	0.975	0.974	0.974	0.974	0.974	0.005495	4.586551	4.609465
20250608_171346	255	50	0.9	knn	3	chebyshev	0.966	0.965	0.965	0.965	0.965	0.011151	5.448457	5.482067
20250608_171347	255	50	0.9	knn	5	euclidean	0.975	0.977	0.977	0.977	0.977	0.005708	0.947489	0.970163
20250608_171352	255	50	0.9	knn	5	manhattan	0.973	0.975	0.975	0.975	0.975	0.005218	5.104626	5.125842
20250608_171357	255	50	0.9	knn	5	chebyshev	0.967	0.964	0.964	0.964	0.964	0.005679	4.759589	4.781693
20250608_171357	255	50	0.9	knn	7	euclidean	0.973	0.976	0.976	0.976	0.976	0.005383	0.794181	0.815572
20250608_171402	255	50	0.9	knn	7	manhattan	0.970	0.973	0.973	0.973	0.973	0.005111	4.167978	4.189009
20250608_171406	255	50	0.9	knn	7	chebyshev	0.967	0.965	0.965	0.965	0.964	0.005043	4.259799	4.280408
20250608_171410	255	50	0.9	log			0.906	0.907	0.906	0.907	0.906	4.340384	0.002079	4.361383
20250608_171415	255	50	0.9	log			0.906	0.907	0.906	0.907	0.906	4.322178	0.003778	4.348690
20250608_171419	255	50	0.9	log			0.906	0.907	0.906	0.907	0.906	4.440079	0.001323	4.463555
20250608_171424	255	50	0.9	log			0.906	0.907	0.906	0.907	0.906	4.456382	0.001525	4.478327
20250608_171428	255	50	0.9	log			0.906	0.907	0.906	0.907	0.906	4.409118	0.001237	4.428124
20250608_171432	255	50	0.9	log			0.906	0.907	0.906	0.907	0.906	4.364015	0.005411	4.404685
20250608_171437	255	50	0.9	log			0.906	0.907	0.906	0.907	0.906	4.361526	0.001114	4.383795
20250608_171441	255	50	0.9	log			0.906	0.907	0.906	0.907	0.906	4.328920	0.001137	4.346555
20250608_171446	255	50	0.9	log			0.906	0.907	0.906	0.907	0.906	4.367494	0.001730	4.385688
20250608_171450	255	50	0.9	log			0.906	0.907	0.906	0.907	0.906	4.370384	0.001159	4.388175
20250608_171454	255	50	0.9	log			0.906	0.907	0.906	0.907	0.906	4.321854	0.001139	4.339637
20250608_171459	255	50	0.9	log			0.906	0.907	0.906	0.907	0.906	4.422027	0.003387	4.443061
20250608_171503	255	100	0.6	knn	1	euclidean	0.972	0.973	0.973	0.973	0.973	0.006254	2.972513	3.013663
20250608_171521	255	100	0.6	knn	1	manhattan	0.968	0.967	0.967	0.967	0.966	0.004530	18.717220	18.759057
20250608_171544	255	100	0.6	knn	1	chebyshev	0.963	0.961	0.961	0.961	0.961	0.004753	22.907734	22.948146
20250608_171547	255	100	0.6	knn	3	euclidean	0.973	0.973	0.973	0.973	0.972	0.004562	2.577374	2.614713
20250608_171607	255	100	0.6	knn	3	manhattan	0.967	0.967	0.967	0.967	0.967	0.004874	19.594946	19.632775
20250608_171630	255	100	0.6	knn	3	chebyshev	0.965	0.962	0.962	0.962	0.962	0.004974	22.866057	22.907079
20250608_171632	255	100	0.6	knn	5	euclidean	0.972	0.971	0.971	0.971	0.971	0.004617	2.848824	2.888995
20250608_171652	255	100	0.6	knn	5	manhattan	0.966	0.965	0.965	0.965	0.965	0.004695	19.420975	19.459229
20250608_171714	255	100	0.6	knn	5	chebyshev	0.964	0.962	0.962	0.962	0.962	0.004610	21.811836	21.849173
20250608_171716	255	100	0.6	knn	7	euclidean	0.971	0.971	0.971	0.971	0.971	0.004762	2.638789	2.676425
20250608_171735	255	100	0.6	knn	7	manhattan	0.965	0.964	0.965	0.964	0.964	0.004525	18.769579	18.807787
20250608_171759	255	100	0.6	knn	7	chebyshev	0.963	0.961	0.961	0.961	0.961	0.004622	23.398857	23.437212
20250608_171808	255	100	0.6	log			0.916	0.918	0.918	0.918	0.918	9.084938	0.005848	9.125475
20250608_171817	255	100	0.6	log			0.916	0.918	0.918	0.918	0.918	9.222059	0.005588	9.264660
20250608_171826	255	100	0.6	log			0.916	0.918	0.918	0.918	0.918	9.166581	0.007671	9.210921
20250608_171835	255	100	0.6	log			0.916	0.918	0.918	0.918	0.918	9.146664	0.005584	9.191023
20250608_171845	255	100	0.6	log			0.916	0.918	0.918	0.918	0.918	9.139986	0.005769	9.186111
20250608_171854	255	100	0.6	log			0.916	0.918	0.918	0.918	0.918	9.345615	0.007106	9.390394
20250608_171903	255	100	0.6	log			0.916	0.918	0.918	0.918	0.918	9.321092	0.005490	9.365999
20250608_171913	255	100	0.6	log			0.916	0.918	0.918	0.918	0.918	9.332855	0.006153	9.378577
20250608_171922	255	100	0.6	log			0.916	0.918	0.918	0.918	0.918	9.226817	0.005428	9.270126
20250608_171931	255	100	0.6	log			0.916	0.918	0.918	0.918	0.918	9.091545	0.007952	9.149238
20250608_171940	255	100	0.6	log			0.916	0.918	0.918	0.918	0.918	9.182744	0.005897	9.235125
20250608_171950	255	100	0.6	log			0.916	0.918	0.918	0.918	0.918	9.049542	0.006549	9.089007
20250608_171950	255	100	0.9	knn	1	euclidean	0.979	0.976	0.976	0.976	0.976	0.006271	0.926775	0.955631
20250608_171959	255	100	0.9	knn	1	manhattan	0.974	0.968	0.968	0.968	0.968	0.006377	8.859471	8.888719
20250608_172011	255	100	0.9	knn	1	chebyshev	0.965	0.965	0.965	0.965	0.965	0.007579	11.106501	11.139236
20250608_172011	255	100	0.9	knn	3	euclidean	0.975	0.975	0.975	0.975	0.975	0.006931	0.860807	0.890320
20250608_172020	255	100	0.9	knn	3	manhattan	0.971	0.966	0.967	0.966	0.966	0.006611	8.803460	8.832619
20250608_172030	255	100	0.9	knn	3	chebyshev	0.965	0.965	0.965	0.965	0.965	0.006820	10.215987	10.245588
20250608_172032	255	100	0.9	knn	5	euclidean	0.972	0.975	0.976	0.975	0.975	0.006559	0.991848	1.021620
20250608_172040	255	100	0.9	knn	5	manhattan	0.968	0.968	0.968	0.968	0.968	0.006573	8.756991	8.787424
20250608_172050	255	100	0.9	knn	5	chebyshev	0.966	0.964	0.964	0.964	0.964	0.006364	10.066471	10.096216
20250608_172051	255	100	0.9	knn	7	euclidean	0.969	0.975	0.975	0.975	0.975	0.006383	0.933411	0.963358
20250608_172100	255	100	0.9	knn	7	manhattan	0.966	0.966	0.966	0.966	0.966	0.006242	8.482054	8.511532
20250608_172110	255	100	0.9	knn	7	chebyshev	0.965	0.964	0.964	0.964	0.964	0.006550	10.393384	10.422999
20250608_172121	255	100	0.9	log			0.917	0.914	0.914	0.914	0.913	10.955976	0.001890	10.981430
20250608_172132	255	100	0.9	log			0.917	0.914	0.914	0.914	0.913	11.041239	0.001731	11.066076
20250608_172143	255	100	0.9	log			0.917	0.914	0.914	0.914	0.913	10.837449	0.001715	10.864396
20250608_172154	255	100	0.9	log			0.917	0.914	0.914	0.914	0.913	10.841905	0.002879	10.870002
20250608_172205	255	100	0.9	log			0.917	0.914	0.914	0.914	0.913	10.820606	0.001592	10.847048
20250608_172216	255	100	0.9	log			0.917	0.914	0.914	0.914	0.913	10.806140	0.001537	10.831932
20250608_172227	255	100	0.9	log			0.917	0.914	0.914	0.914	0.913	10.779499	0.001555	10.809356
20250608_172237	255	100	0.9	log			0.917	0.914	0.914	0.914	0.913	10.860104	0.001549	10.884950
20250608_172248	255	100	0.9	log			0.917	0.914	0.914	0.914	0.913	10.705457	0.003462	10.733196
20250608_172259	255	100	0.9	log			0.917	0.914	0.914	0.914	0.913	10.834772	0.002011	10.861410
20250608_172310	255	100	0.9	log			0.917	0.914	0.914	0.914	0.913	10.796517	0.001628	10.824733
20250608_172321	255	100	0.9	log			0.917	0.914	0.914	0.914	0.913	10.716737	0.001732	10.741393
20250608_172324	255	150	0.6	knn	1	euclidean	0.971	0.972	0.972	0.972	0.972	0.005670	3.051451	3.101490
20250608_172358	255	150	0.6	knn	1	manhattan	0.964	0.963	0.963	0.963	0.963	0.005545	33.314313	33.359890
20250608_172433	255	150	0.6	knn	1	chebyshev	0.963	0.961	0.961	0.961	0.961	0.005413	35.190553	35.235749
20250608_172436	255	150	0.6	knn	3	euclidean	0.972	0.972	0.972	0.972	0.972	0.005384	3.178252	3.222934
20250608_172509	255	150	0.6	knn	3	manhattan	0.963	0.963	0.963	0.963	0.963	0.005503	32.529599	32.575548
20250608_172546	255	150	0.6	knn	3	chebyshev	0.965	0.962	0.962	0.962	0.962	0.006278	37.424727	37.471361
20250608_172550	255	150	0.6	knn	5	euclidean	0.970	0.970	0.970	0.970	0.970	0.005567	3.264267	3.310216
20250608_172623	255	150	0.6	knn	5	manhattan	0.963	0.962	0.962	0.962	0.961	0.005791	33.177524	33.224862
20250608_172658	255	150	0.6	knn	5	chebyshev	0.964	0.962	0.962	0.962	0.962	0.005456	35.568951	35.616848
20250608_172702	255	150	0.6	knn	7	euclidean	0.968	0.969	0.969	0.969	0.969	0.005731	3.218986	3.265657
20250608_172735	255	150	0.6	knn	7	manhattan	0.960	0.960	0.961	0.960	0.960	0.005441	32.920478	32.965850
20250608_172809	255	150	0.6	knn	7	chebyshev	0.963	0.961	0.961	0.961	0.961	0.005358	33.889439	33.934258
20250608_172827	255	150	0.6	log			0.921	0.921	0.921	0.921	0.921	17.939072	0.007689	17.986519
20250608_172845	255	150	0.6	log			0.921	0.921	0.921	0.921	0.921	17.913438	0.007199	17.962125
20250608_172903	255	150	0.6	log			0.921	0.921	0.921	0.921	0.921	17.897270	0.010772	17.965549
20250608_172921	255	150	0.6	log			0.921	0.921	0.921	0.921	0.921	17.885810	0.010097	17.999338
20250608_172938	255	150	0.6	log			0.921	0.921	0.921	0.921	0.921	17.898451	0.008562	17.980345
20250608_172957	255	150	0.6	log			0.921	0.921	0.921	0.921	0.921	18.115370	0.010126	18.232507
20250608_173015	255	150	0.6	log			0.921	0.921	0.921	0.921	0.921	17.948936	0.008063	18.002643
20250608_173033	255	150	0.6	log			0.921	0.921	0.921	0.921	0.921	17.948152	0.008001	17.998472
20250608_173051	255	150	0.6	log			0.921	0.921	0.921	0.921	0.921	18.171206	0.008158	18.222612
20250608_173109	255	150	0.6	log			0.921	0.921	0.921	0.921	0.921	17.894163	0.007578	17.946295
20250608_173127	255	150	0.6	log			0.921	0.921	0.921	0.921	0.921	17.938429	0.009485	17.993532
20250608_173145	255	150	0.6	log			0.921	0.921	0.921	0.921	0.921	17.954210	0.007687	18.004129
20250608_173146	255	150	0.9	knn	1	euclidean	0.976	0.974	0.974	0.974	0.974	0.007920	1.155910	1.195532
20250608_173201	255	150	0.9	knn	1	manhattan	0.970	0.965	0.965	0.965	0.964	0.008621	14.534884	14.572650
20250608_173217	255	150	0.9	knn	1	chebyshev	0.965	0.965	0.965	0.965	0.965	0.007704	15.860707	15.897781
20250608_173218	255	150	0.9	knn	3	euclidean	0.976	0.972	0.972	0.972	0.972	0.007569	1.239411	1.276154
20250608_173233	255	150	0.9	knn	3	manhattan	0.966	0.964	0.964	0.964	0.964	0.008406	14.910591	14.947643
20250608_173249	255	150	0.9	knn	3	chebyshev	0.965	0.965	0.965	0.965	0.965	0.007603	15.687224	15.723934
20250608_173250	255	150	0.9	knn	5	euclidean	0.972	0.971	0.972	0.971	0.971	0.007667	1.199271	1.236486
20250608_173304	255	150	0.9	knn	5	manhattan	0.965	0.963	0.964	0.963	0.963	0.007679	14.708495	14.744910
20250608_173320	255	150	0.9	knn	5	chebyshev	0.966	0.964	0.964	0.964	0.964	0.007913	15.575525	15.616369
20250608_173321	255	150	0.9	knn	7	euclidean	0.971	0.973	0.974	0.973	0.973	0.008214	1.133086	1.170797
20250608_173336	255	150	0.9	knn	7	manhattan	0.964	0.964	0.965	0.964	0.964	0.007484	14.398055	14.435017
20250608_173351	255	150	0.9	knn	7	chebyshev	0.965	0.964	0.964	0.964	0.964	0.007770	15.388188	15.425416
20250608_173413	255	150	0.9	log			0.916	0.918	0.918	0.918	0.918	22.148092	0.002249	22.180776
20250608_173436	255	150	0.9	log			0.916	0.918	0.918	0.918	0.918	22.285146	0.002042	22.319963
20250608_173458	255	150	0.9	log			0.916	0.918	0.918	0.918	0.918	22.077873	0.002015	22.109101
20250608_173520	255	150	0.9	log			0.916	0.918	0.918	0.918	0.918	22.132437	0.002079	22.165434
20250608_173542	255	150	0.9	log			0.916	0.918	0.918	0.918	0.918	22.203939	0.002007	22.235467
20250608_173604	255	150	0.9	log			0.916	0.918	0.918	0.918	0.918	22.016698	0.002241	22.048993
20250608_173626	255	150	0.9	log			0.916	0.918	0.918	0.918	0.918	22.079840	0.002283	22.111964
20250608_173649	255	150	0.9	log			0.916	0.918	0.918	0.918	0.918	22.168415	0.002102	22.200444
20250608_173711	255	150	0.9	log			0.916	0.918	0.918	0.918	0.918	22.524569	0.002142	22.563709
20250608_173733	255	150	0.9	log			0.916	0.918	0.918	0.918	0.918	22.069405	0.002096	22.102899
20250608_173755	255	150	0.9	log			0.916	0.918	0.918	0.918	0.918	22.026862	0.002062	22.059005
20250608_173817	255	150	0.9	log			0.916	0.918	0.918	0.918	0.918	22.188759	0.002073	22.223005
20250608_173820	[-1,1]	10	0.6	knn	1	euclidean	0.913	0.914	0.914	0.914	0.914	0.055207	1.765410	1.840065
20250608_173823	[-1,1]	10	0.6	knn	1	manhattan	0.909	0.907	0.907	0.907	0.907	0.050181	3.438899	3.509130
20250608_173825	[-1,1]	10	0.6	knn	1	chebyshev	0.903	0.906	0.907	0.906	0.906	0.051287	1.510609	1.581888
20250608_173827	[-1,1]	10	0.6	knn	3	euclidean	0.924	0.925	0.925	0.925	0.925	0.050085	2.335273	2.404636
20250608_173833	[-1,1]	10	0.6	knn	3	manhattan	0.921	0.921	0.921	0.921	0.921	0.050163	5.456754	5.527095
20250608_173835	[-1,1]	10	0.6	knn	3	chebyshev	0.913	0.916	0.916	0.916	0.916	0.049536	1.861402	1.930328
20250608_173837	[-1,1]	10	0.6	knn	5	euclidean	0.929	0.930	0.930	0.930	0.930	0.049980	2.573868	2.643417
20250608_173844	[-1,1]	10	0.6	knn	5	manhattan	0.926	0.924	0.924	0.924	0.924	0.050075	6.110141	6.179977
20250608_173846	[-1,1]	10	0.6	knn	5	chebyshev	0.920	0.922	0.922	0.922	0.921	0.049120	1.970593	2.039480
20250608_173849	[-1,1]	10	0.6	knn	7	euclidean	0.929	0.930	0.930	0.930	0.930	0.049810	2.790807	2.860322
20250608_173855	[-1,1]	10	0.6	knn	7	manhattan	0.923	0.926	0.926	0.926	0.926	0.049397	6.677905	6.747483
20250608_173857	[-1,1]	10	0.6	knn	7	chebyshev	0.920	0.923	0.923	0.923	0.923	0.050921	2.138976	2.210388
20250608_173858	[-1,1]	10	0.6	log			0.799	0.803	0.802	0.803	0.802	0.933356	0.002026	0.956059
20250608_173859	[-1,1]	10	0.6	log			0.799	0.803	0.802	0.803	0.802	0.914369	0.002506	0.937634
20250608_173900	[-1,1]	10	0.6	log			0.799	0.803	0.802	0.803	0.802	0.923051	0.003007	0.946143
20250608_173901	[-1,1]	10	0.6	log			0.799	0.803	0.802	0.803	0.802	0.913170	0.002200	0.935351
20250608_173902	[-1,1]	10	0.6	log			0.799	0.803	0.802	0.803	0.802	0.914934	0.002115	0.938103
20250608_173903	[-1,1]	10	0.6	log			0.799	0.803	0.802	0.803	0.802	0.924029	0.002053	0.946047
20250608_173904	[-1,1]	10	0.6	log			0.799	0.803	0.802	0.803	0.802	0.915575	0.002071	0.937296
20250608_173905	[-1,1]	10	0.6	log			0.799	0.803	0.802	0.803	0.802	0.923777	0.002057	0.945486
20250608_173906	[-1,1]	10	0.6	log			0.799	0.803	0.802	0.803	0.802	0.924627	0.002256	0.947176
20250608_173907	[-1,1]	10	0.6	log			0.799	0.803	0.802	0.803	0.802	0.915756	0.002177	0.937670
20250608_173908	[-1,1]	10	0.6	log			0.799	0.803	0.802	0.803	0.802	0.937842	0.006263	0.970218
20250608_173909	[-1,1]	10	0.6	log			0.799	0.803	0.802	0.803	0.802	0.960720	0.002029	0.985331
20250608_173909	[-1,1]	10	0.9	knn	1	euclidean	0.914	0.920	0.919	0.920	0.920	0.082828	0.480907	0.575994
20250608_173910	[-1,1]	10	0.9	knn	1	manhattan	0.912	0.910	0.910	0.910	0.910	0.081956	0.820744	0.915178
20250608_173911	[-1,1]	10	0.9	knn	1	chebyshev	0.909	0.914	0.914	0.914	0.914	0.078803	0.343586	0.434540
20250608_173911	[-1,1]	10	0.9	knn	3	euclidean	0.926	0.931	0.931	0.931	0.931	0.080249	0.556735	0.649174
20250608_173913	[-1,1]	10	0.9	knn	3	manhattan	0.924	0.923	0.922	0.923	0.922	0.080495	1.086564	1.179530
20250608_173913	[-1,1]	10	0.9	knn	3	chebyshev	0.915	0.923	0.923	0.923	0.923	0.082541	0.438049	0.533904
20250608_173914	[-1,1]	10	0.9	knn	5	euclidean	0.928	0.935	0.934	0.935	0.934	0.083259	0.619547	0.715817
20250608_173915	[-1,1]	10	0.9	knn	5	manhattan	0.923	0.927	0.927	0.927	0.927	0.080263	1.222818	1.315448
20250608_173916	[-1,1]	10	0.9	knn	5	chebyshev	0.915	0.925	0.924	0.925	0.924	0.079121	0.445744	0.537313
20250608_173916	[-1,1]	10	0.9	knn	7	euclidean	0.927	0.934	0.934	0.934	0.934	0.081889	0.641908	0.736071
20250608_173918	[-1,1]	10	0.9	knn	7	manhattan	0.925	0.933	0.933	0.933	0.933	0.079624	1.558324	1.650197
20250608_173919	[-1,1]	10	0.9	knn	7	chebyshev	0.920	0.927	0.926	0.927	0.926	0.079547	0.493669	0.585981
20250608_173920	[-1,1]	10	0.9	log			0.799	0.800	0.798	0.800	0.798	1.176845	0.001625	1.190595
20250608_173921	[-1,1]	10	0.9	log			0.799	0.800	0.798	0.800	0.798	1.207760	0.000945	1.221653
20250608_173922	[-1,1]	10	0.9	log			0.799	0.800	0.798	0.800	0.798	1.216977	0.000868	1.230867
20250608_173924	[-1,1]	10	0.9	log			0.799	0.800	0.798	0.800	0.798	1.242663	0.001265	1.256488
20250608_173925	[-1,1]	10	0.9	log			0.799	0.800	0.798	0.800	0.798	1.207907	0.000818	1.221403
20250608_173926	[-1,1]	10	0.9	log			0.799	0.800	0.798	0.800	0.798	1.219814	0.001212	1.234232
20250608_173927	[-1,1]	10	0.9	log			0.799	0.800	0.798	0.800	0.798	1.190007	0.001024	1.204374
20250608_173928	[-1,1]	10	0.9	log			0.799	0.800	0.798	0.800	0.798	1.238093	0.000885	1.252151
20250608_173930	[-1,1]	10	0.9	log			0.799	0.800	0.798	0.800	0.798	1.218098	0.001226	1.232499
20250608_173931	[-1,1]	10	0.9	log			0.799	0.800	0.798	0.800	0.798	1.220549	0.002294	1.235036
20250608_173932	[-1,1]	10	0.9	log			0.799	0.800	0.798	0.800	0.798	1.237214	0.001793	1.251462
20250608_173933	[-1,1]	10	0.9	log			0.799	0.800	0.798	0.800	0.798	1.198089	0.001226	1.211445
20250608_173936	[-1,1]	50	0.6	knn	1	euclidean	0.975	0.973	0.973	0.973	0.973	0.004300	2.127556	2.155867
20250608_173945	[-1,1]	50	0.6	knn	1	manhattan	0.972	0.971	0.971	0.971	0.971	0.003724	8.729860	8.757294
20250608_173955	[-1,1]	50	0.6	knn	1	chebyshev	0.963	0.961	0.961	0.961	0.961	0.003931	10.027824	10.055640
20250608_173957	[-1,1]	50	0.6	knn	3	euclidean	0.975	0.975	0.975	0.975	0.975	0.003821	2.097575	2.125348
20250608_174006	[-1,1]	50	0.6	knn	3	manhattan	0.973	0.972	0.972	0.972	0.972	0.003958	8.634902	8.662349
20250608_174015	[-1,1]	50	0.6	knn	3	chebyshev	0.965	0.962	0.962	0.962	0.961	0.003828	9.605436	9.633141
20250608_174018	[-1,1]	50	0.6	knn	5	euclidean	0.974	0.973	0.973	0.973	0.973	0.003956	2.157627	2.186217
20250608_174027	[-1,1]	50	0.6	knn	5	manhattan	0.972	0.971	0.971	0.971	0.971	0.004008	9.096628	9.126489
20250608_174038	[-1,1]	50	0.6	knn	5	chebyshev	0.964	0.962	0.962	0.962	0.962	0.004499	11.060217	11.091003
20250608_174040	[-1,1]	50	0.6	knn	7	euclidean	0.974	0.972	0.972	0.972	0.972	0.004020	2.290396	2.318995
20250608_174049	[-1,1]	50	0.6	knn	7	manhattan	0.971	0.970	0.970	0.970	0.970	0.004196	8.673735	8.701658
20250608_174059	[-1,1]	50	0.6	knn	7	chebyshev	0.964	0.962	0.962	0.962	0.961	0.003738	9.989942	10.017895
20250608_174106	[-1,1]	50	0.6	log			0.905	0.908	0.907	0.908	0.907	7.310540	0.005209	7.339958
20250608_174114	[-1,1]	50	0.6	log			0.905	0.908	0.907	0.908	0.907	7.335838	0.004229	7.368517
20250608_174121	[-1,1]	50	0.6	log			0.905	0.908	0.907	0.908	0.907	7.333881	0.004357	7.361931
20250608_174128	[-1,1]	50	0.6	log			0.905	0.908	0.907	0.908	0.907	7.412427	0.003945	7.441461
20250608_174136	[-1,1]	50	0.6	log			0.905	0.908	0.907	0.908	0.907	7.385078	0.003761	7.414913
20250608_174143	[-1,1]	50	0.6	log			0.905	0.908	0.907	0.908	0.907	7.454936	0.003704	7.486264
20250608_174151	[-1,1]	50	0.6	log			0.905	0.908	0.907	0.908	0.907	7.563313	0.004168	7.595109
20250608_174158	[-1,1]	50	0.6	log			0.905	0.908	0.907	0.908	0.907	7.370054	0.003742	7.407808
20250608_174206	[-1,1]	50	0.6	log			0.905	0.908	0.907	0.908	0.907	7.355351	0.004107	7.390501
20250608_174213	[-1,1]	50	0.6	log			0.905	0.908	0.907	0.908	0.907	7.271658	0.006413	7.317056
20250608_174220	[-1,1]	50	0.6	log			0.905	0.908	0.907	0.908	0.907	7.326671	0.003666	7.367472
20250608_174228	[-1,1]	50	0.6	log			0.905	0.908	0.907	0.908	0.907	7.476399	0.006059	7.508953
20250608_174229	[-1,1]	50	0.9	knn	1	euclidean	0.975	0.977	0.977	0.977	0.977	0.005787	0.747460	0.769978
20250608_174233	[-1,1]	50	0.9	knn	1	manhattan	0.975	0.976	0.976	0.976	0.976	0.005299	3.961526	3.982094
20250608_174237	[-1,1]	50	0.9	knn	1	chebyshev	0.968	0.965	0.965	0.965	0.965	0.004968	4.209219	4.229219
20250608_174238	[-1,1]	50	0.9	knn	3	euclidean	0.977	0.977	0.977	0.977	0.977	0.005031	0.712495	0.733110
20250608_174242	[-1,1]	50	0.9	knn	3	manhattan	0.975	0.974	0.974	0.974	0.974	0.004988	3.901806	3.922070
20250608_174246	[-1,1]	50	0.9	knn	3	chebyshev	0.966	0.965	0.965	0.965	0.965	0.005263	4.288484	4.309446
20250608_174247	[-1,1]	50	0.9	knn	5	euclidean	0.975	0.977	0.977	0.977	0.977	0.005656	0.744047	0.766435
20250608_174250	[-1,1]	50	0.9	knn	5	manhattan	0.973	0.975	0.975	0.975	0.975	0.004966	3.828438	3.848585
20250608_174255	[-1,1]	50	0.9	knn	5	chebyshev	0.967	0.964	0.964	0.964	0.964	0.004981	4.332283	4.352478
20250608_174256	[-1,1]	50	0.9	knn	7	euclidean	0.973	0.976	0.976	0.976	0.976	0.005076	0.691519	0.712370
20250608_174259	[-1,1]	50	0.9	knn	7	manhattan	0.970	0.973	0.973	0.973	0.973	0.005081	3.796723	3.816832
20250608_174304	[-1,1]	50	0.9	knn	7	chebyshev	0.967	0.965	0.965	0.965	0.964	0.004978	4.206999	4.227739
20250608_174313	[-1,1]	50	0.9	log			0.906	0.907	0.907	0.907	0.907	9.728321	0.001129	9.745268
20250608_174323	[-1,1]	50	0.9	log			0.906	0.907	0.907	0.907	0.907	9.570481	0.001127	9.589337
20250608_174333	[-1,1]	50	0.9	log			0.906	0.907	0.907	0.907	0.907	9.643582	0.003070	9.664135
20250608_174342	[-1,1]	50	0.9	log			0.906	0.907	0.907	0.907	0.907	9.490580	0.001236	9.507794
20250608_174352	[-1,1]	50	0.9	log			0.906	0.907	0.907	0.907	0.907	9.432586	0.001179	9.449712
20250608_174401	[-1,1]	50	0.9	log			0.906	0.907	0.907	0.907	0.907	9.502422	0.001139	9.519505
20250608_174410	[-1,1]	50	0.9	log			0.906	0.907	0.907	0.907	0.907	9.414267	0.001284	9.431146
20250608_174420	[-1,1]	50	0.9	log			0.906	0.907	0.907	0.907	0.907	9.481802	0.001121	9.498329
20250608_174429	[-1,1]	50	0.9	log			0.906	0.907	0.907	0.907	0.907	9.414872	0.001284	9.432126
20250608_174439	[-1,1]	50	0.9	log			0.906	0.907	0.907	0.907	0.907	9.437010	0.002919	9.460179
20250608_174448	[-1,1]	50	0.9	log			0.906	0.907	0.907	0.907	0.907	9.401062	0.001170	9.418901
20250608_174458	[-1,1]	50	0.9	log			0.906	0.907	0.907	0.907	0.907	9.396147	0.001300	9.413058
20250608_174501	[-1,1]	100	0.6	knn	1	euclidean	0.972	0.973	0.973	0.973	0.973	0.004971	2.525029	2.562981
20250608_174520	[-1,1]	100	0.6	knn	1	manhattan	0.968	0.967	0.967	0.967	0.966	0.004572	18.623143	18.659812
20250608_174541	[-1,1]	100	0.6	knn	1	chebyshev	0.963	0.961	0.961	0.961	0.961	0.004541	21.674374	21.711318
20250608_174544	[-1,1]	100	0.6	knn	3	euclidean	0.973	0.973	0.973	0.973	0.972	0.004614	2.594559	2.631784
20250608_174603	[-1,1]	100	0.6	knn	3	manhattan	0.967	0.967	0.967	0.967	0.967	0.004707	19.258031	19.297019
20250608_174626	[-1,1]	100	0.6	knn	3	chebyshev	0.965	0.962	0.962	0.962	0.962	0.004620	22.797103	22.835561
20250608_174629	[-1,1]	100	0.6	knn	5	euclidean	0.972	0.971	0.971	0.971	0.971	0.004751	2.580117	2.617555
20250608_174648	[-1,1]	100	0.6	knn	5	manhattan	0.966	0.965	0.965	0.965	0.965	0.004683	18.927735	18.964919
20250608_174710	[-1,1]	100	0.6	knn	5	chebyshev	0.964	0.962	0.962	0.962	0.962	0.004663	22.182309	22.219368
20250608_174713	[-1,1]	100	0.6	knn	7	euclidean	0.971	0.971	0.971	0.971	0.971	0.004619	2.726587	2.763768
20250608_174732	[-1,1]	100	0.6	knn	7	manhattan	0.965	0.964	0.965	0.964	0.964	0.004567	19.224979	19.264260
20250608_174755	[-1,1]	100	0.6	knn	7	chebyshev	0.963	0.961	0.961	0.961	0.961	0.004594	22.650636	22.688215
20250608_174814	[-1,1]	100	0.6	log			0.916	0.918	0.918	0.918	0.918	19.592898	0.005753	19.632516
20250608_174835	[-1,1]	100	0.6	log			0.916	0.918	0.918	0.918	0.918	20.261988	0.005581	20.304964
20250608_174854	[-1,1]	100	0.6	log			0.916	0.918	0.918	0.918	0.918	19.607228	0.006012	19.657832
20250608_174914	[-1,1]	100	0.6	log			0.916	0.918	0.918	0.918	0.918	19.821838	0.005460	19.860922
20250608_174934	[-1,1]	100	0.6	log			0.916	0.918	0.918	0.918	0.918	19.821953	0.005483	19.863404
20250608_174953	[-1,1]	100	0.6	log			0.916	0.918	0.918	0.918	0.918	19.448496	0.005477	19.488410
20250608_175013	[-1,1]	100	0.6	log			0.916	0.918	0.918	0.918	0.918	19.529019	0.005370	19.567830
20250608_175033	[-1,1]	100	0.6	log			0.916	0.918	0.918	0.918	0.918	19.559305	0.005510	19.597826
20250608_175052	[-1,1]	100	0.6	log			0.916	0.918	0.918	0.918	0.918	19.495645	0.005504	19.534918
20250608_175112	[-1,1]	100	0.6	log			0.916	0.918	0.918	0.918	0.918	19.752145	0.010074	19.804216
20250608_175131	[-1,1]	100	0.6	log			0.916	0.918	0.918	0.918	0.918	19.429670	0.005378	19.468141
20250608_175151	[-1,1]	100	0.6	log			0.916	0.918	0.918	0.918	0.918	19.448606	0.005586	19.486259
20250608_175152	[-1,1]	100	0.9	knn	1	euclidean	0.979	0.976	0.976	0.976	0.976	0.006528	0.869661	0.898954
20250608_175200	[-1,1]	100	0.9	knn	1	manhattan	0.974	0.968	0.968	0.968	0.968	0.006249	8.083031	8.112018
20250608_175210	[-1,1]	100	0.9	knn	1	chebyshev	0.965	0.965	0.965	0.965	0.965	0.006272	10.546783	10.577079
20250608_175211	[-1,1]	100	0.9	knn	3	euclidean	0.975	0.975	0.975	0.975	0.975	0.006270	0.914612	0.945153
20250608_175220	[-1,1]	100	0.9	knn	3	manhattan	0.971	0.966	0.967	0.966	0.966	0.006339	8.239927	8.269664
20250608_175230	[-1,1]	100	0.9	knn	3	chebyshev	0.965	0.965	0.965	0.965	0.965	0.006358	9.942051	9.971701
20250608_175231	[-1,1]	100	0.9	knn	5	euclidean	0.972	0.975	0.976	0.975	0.975	0.006637	0.869344	0.899319
20250608_175239	[-1,1]	100	0.9	knn	5	manhattan	0.968	0.968	0.968	0.968	0.968	0.006424	8.370405	8.399989
20250608_175249	[-1,1]	100	0.9	knn	5	chebyshev	0.966	0.964	0.964	0.964	0.964	0.006537	9.752250	9.782682
20250608_175250	[-1,1]	100	0.9	knn	7	euclidean	0.969	0.975	0.975	0.975	0.975	0.006691	0.939155	0.970336
20250608_175258	[-1,1]	100	0.9	knn	7	manhattan	0.966	0.966	0.966	0.966	0.966	0.006459	8.348246	8.378711
20250608_175308	[-1,1]	100	0.9	knn	7	chebyshev	0.965	0.964	0.964	0.964	0.964	0.007148	9.813679	9.844257
20250608_175331	[-1,1]	100	0.9	log			0.917	0.914	0.914	0.914	0.914	23.031557	0.001607	23.056723
20250608_175354	[-1,1]	100	0.9	log			0.917	0.914	0.914	0.914	0.914	23.296365	0.001565	23.326224
20250608_175418	[-1,1]	100	0.9	log			0.917	0.914	0.914	0.914	0.914	23.405506	0.001617	23.432561
20250608_175441	[-1,1]	100	0.9	log			0.917	0.914	0.914	0.914	0.914	23.485208	0.001642	23.514619
20250608_175505	[-1,1]	100	0.9	log			0.917	0.914	0.914	0.914	0.914	23.259596	0.001579	23.284850
20250608_175528	[-1,1]	100	0.9	log			0.917	0.914	0.914	0.914	0.914	23.319525	0.003078	23.346893
20250608_175551	[-1,1]	100	0.9	log			0.917	0.914	0.914	0.914	0.914	23.061229	0.001867	23.087529
20250608_175614	[-1,1]	100	0.9	log			0.917	0.914	0.914	0.914	0.914	23.041366	0.001566	23.068307
20250608_175637	[-1,1]	100	0.9	log			0.917	0.914	0.914	0.914	0.914	23.418339	0.001575	23.451482
20250608_175701	[-1,1]	100	0.9	log			0.917	0.914	0.914	0.914	0.914	23.037945	0.001552	23.062931
20250608_175724	[-1,1]	100	0.9	log			0.917	0.914	0.914	0.914	0.914	23.480865	0.002693	23.508892
20250608_175747	[-1,1]	100	0.9	log			0.917	0.914	0.914	0.914	0.914	23.092480	0.001646	23.117331
20250608_175751	[-1,1]	150	0.6	knn	1	euclidean	0.971	0.972	0.972	0.972	0.972	0.006002	3.035409	3.084390
20250608_175822	[-1,1]	150	0.6	knn	1	manhattan	0.964	0.963	0.963	0.963	0.963	0.005508	31.299526	31.345691
20250608_175856	[-1,1]	150	0.6	knn	1	chebyshev	0.963	0.961	0.961	0.961	0.961	0.005697	33.263010	33.309167
20250608_175859	[-1,1]	150	0.6	knn	3	euclidean	0.972	0.972	0.972	0.972	0.972	0.005571	3.004218	3.050717
20250608_175931	[-1,1]	150	0.6	knn	3	manhattan	0.963	0.963	0.963	0.963	0.963	0.005421	32.409598	32.455415
20250608_180006	[-1,1]	150	0.6	knn	3	chebyshev	0.965	0.962	0.962	0.962	0.962	0.005342	35.134374	35.180604
20250608_180009	[-1,1]	150	0.6	knn	5	euclidean	0.970	0.970	0.970	0.970	0.970	0.005409	2.961122	3.006994
20250608_180043	[-1,1]	150	0.6	knn	5	manhattan	0.963	0.962	0.962	0.962	0.961	0.005875	33.398091	33.444655
20250608_180119	[-1,1]	150	0.6	knn	5	chebyshev	0.964	0.962	0.962	0.962	0.962	0.005370	36.029809	36.076290
20250608_180122	[-1,1]	150	0.6	knn	7	euclidean	0.968	0.969	0.969	0.969	0.969	0.005404	3.396578	3.443821
20250608_180155	[-1,1]	150	0.6	knn	7	manhattan	0.960	0.960	0.961	0.960	0.960	0.006114	32.760512	32.807699
20250608_180230	[-1,1]	150	0.6	knn	7	chebyshev	0.963	0.961	0.961	0.961	0.961	0.005348	34.604364	34.651814
20250608_180306	[-1,1]	150	0.6	log			0.921	0.921	0.921	0.921	0.921	36.473579	0.008473	36.525112
20250608_180343	[-1,1]	150	0.6	log			0.921	0.921	0.921	0.921	0.921	36.419919	0.008836	36.475291
20250608_180419	[-1,1]	150	0.6	log			0.921	0.921	0.921	0.921	0.921	36.452593	0.008535	36.506101
20250608_180456	[-1,1]	150	0.6	log			0.921	0.921	0.921	0.921	0.921	36.375201	0.007272	36.427420
20250608_180532	[-1,1]	150	0.6	log			0.921	0.921	0.921	0.921	0.921	36.022002	0.008408	36.071016
20250608_180608	[-1,1]	150	0.6	log			0.921	0.921	0.921	0.921	0.921	35.977122	0.007259	36.024252
20250608_180644	[-1,1]	150	0.6	log			0.921	0.921	0.921	0.921	0.921	35.977987	0.007223	36.026782
20250608_180720	[-1,1]	150	0.6	log			0.921	0.921	0.921	0.921	0.921	36.060953	0.007530	36.109004
20250608_180756	[-1,1]	150	0.6	log			0.921	0.921	0.921	0.921	0.921	36.547115	0.008244	36.600454
20250608_180833	[-1,1]	150	0.6	log			0.921	0.921	0.921	0.921	0.921	36.601485	0.007554	36.651914
20250608_180909	[-1,1]	150	0.6	log			0.921	0.921	0.921	0.921	0.921	36.172704	0.007365	36.221646
20250608_180945	[-1,1]	150	0.6	log			0.921	0.921	0.921	0.921	0.921	35.984727	0.008562	36.033059
20250608_180947	[-1,1]	150	0.9	knn	1	euclidean	0.976	0.974	0.974	0.974	0.974	0.008116	1.585414	1.623486
20250608_181003	[-1,1]	150	0.9	knn	1	manhattan	0.970	0.965	0.965	0.965	0.964	0.007892	15.485569	15.522480
20250608_181018	[-1,1]	150	0.9	knn	1	chebyshev	0.965	0.965	0.965	0.965	0.965	0.007943	15.545623	15.583488
20250608_181019	[-1,1]	150	0.9	knn	3	euclidean	0.976	0.972	0.972	0.972	0.972	0.007814	1.036478	1.073078
20250608_181033	[-1,1]	150	0.9	knn	3	manhattan	0.966	0.964	0.964	0.964	0.964	0.007691	14.193879	14.230009
20250608_181049	[-1,1]	150	0.9	knn	3	chebyshev	0.965	0.965	0.965	0.965	0.965	0.007959	15.208529	15.245589
20250608_181050	[-1,1]	150	0.9	knn	5	euclidean	0.972	0.971	0.972	0.971	0.971	0.007550	1.036118	1.072248
20250608_181104	[-1,1]	150	0.9	knn	5	manhattan	0.965	0.963	0.964	0.963	0.963	0.007464	14.007586	14.043314
20250608_181119	[-1,1]	150	0.9	knn	5	chebyshev	0.966	0.964	0.964	0.964	0.964	0.007871	15.062785	15.099067
20250608_181120	[-1,1]	150	0.9	knn	7	euclidean	0.971	0.973	0.974	0.973	0.973	0.007858	1.029974	1.066172
20250608_181134	[-1,1]	150	0.9	knn	7	manhattan	0.964	0.964	0.965	0.964	0.964	0.008025	13.857081	13.894313
20250608_181149	[-1,1]	150	0.9	knn	7	chebyshev	0.965	0.964	0.964	0.964	0.964	0.007634	15.351220	15.387514
20250608_181229	[-1,1]	150	0.9	log			0.916	0.918	0.918	0.918	0.918	39.828418	0.002338	39.860034
20250608_181309	[-1,1]	150	0.9	log			0.916	0.918	0.918	0.918	0.918	39.922778	0.002051	39.953917
20250608_181349	[-1,1]	150	0.9	log			0.916	0.918	0.918	0.918	0.918	39.932871	0.002066	39.963472
20250608_181429	[-1,1]	150	0.9	log			0.916	0.918	0.918	0.918	0.918	39.819023	0.001951	39.850108
20250608_181509	[-1,1]	150	0.9	log			0.916	0.918	0.918	0.918	0.918	39.946100	0.002064	39.977114
20250608_181549	[-1,1]	150	0.9	log			0.916	0.918	0.918	0.918	0.918	39.850668	0.002031	39.882318
20250608_181629	[-1,1]	150	0.9	log			0.916	0.918	0.918	0.918	0.918	40.115403	0.002044	40.147236
20250608_181709	[-1,1]	150	0.9	log			0.916	0.918	0.918	0.918	0.918	40.228331	0.002020	40.261014
20250608_181749	[-1,1]	150	0.9	log			0.916	0.918	0.918	0.918	0.918	40.041377	0.002399	40.075056
20250608_181829	[-1,1]	150	0.9	log			0.916	0.918	0.918	0.918	0.918	40.227259	0.001991	40.260463
20250608_181910	[-1,1]	150	0.9	log			0.916	0.918	0.918	0.918	0.918	40.568729	0.002059	40.601658
20250608_181950	[-1,1]	150	0.9	log			0.916	0.918	0.918	0.918	0.918	40.201839	0.002043	40.235020
20250608_181953	sem	10	0.6	knn	1	euclidean	0.913	0.914	0.914	0.914	0.914	0.049789	1.819201	1.889352
20250608_181956	sem	10	0.6	knn	1	manhattan	0.909	0.907	0.907	0.907	0.907	0.052203	3.608956	3.681462
20250608_181958	sem	10	0.6	knn	1	chebyshev	0.903	0.906	0.907	0.906	0.906	0.049720	1.446089	1.515712
20250608_182000	sem	10	0.6	knn	3	euclidean	0.924	0.925	0.925	0.925	0.925	0.050615	2.259392	2.330202
20250608_182005	sem	10	0.6	knn	3	manhattan	0.921	0.921	0.921	0.921	0.921	0.049467	4.736162	4.805374
20250608_182007	sem	10	0.6	knn	3	chebyshev	0.913	0.916	0.916	0.916	0.916	0.050673	1.707103	1.777512
20250608_182009	sem	10	0.6	knn	5	euclidean	0.929	0.930	0.930	0.930	0.930	0.050807	2.511929	2.583104
20250608_182015	sem	10	0.6	knn	5	manhattan	0.926	0.924	0.924	0.924	0.924	0.052845	5.331529	5.404911
20250608_182017	sem	10	0.6	knn	5	chebyshev	0.920	0.922	0.922	0.922	0.921	0.050008	1.839202	1.908901
20250608_182019	sem	10	0.6	knn	7	euclidean	0.929	0.930	0.930	0.930	0.930	0.049209	2.709991	2.780656
20250608_182025	sem	10	0.6	knn	7	manhattan	0.923	0.926	0.926	0.926	0.926	0.049988	5.791613	5.861723
20250608_182027	sem	10	0.6	knn	7	chebyshev	0.920	0.923	0.923	0.923	0.923	0.049476	2.008240	2.077497
20250608_182028	sem	10	0.6	log			0.782	0.785	0.782	0.785	0.781	0.277623	0.002276	0.299313
20250608_182028	sem	10	0.6	log			0.782	0.785	0.782	0.785	0.781	0.279245	0.002121	0.301535
20250608_182028	sem	10	0.6	log			0.782	0.785	0.782	0.785	0.781	0.289078	0.002189	0.310751
20250608_182029	sem	10	0.6	log			0.782	0.785	0.782	0.785	0.781	0.289322	0.002087	0.312822
20250608_182029	sem	10	0.6	log			0.782	0.785	0.782	0.785	0.781	0.309440	0.002016	0.333719
20250608_182029	sem	10	0.6	log			0.782	0.785	0.782	0.785	0.781	0.278501	0.002750	0.301471
20250608_182030	sem	10	0.6	log			0.782	0.785	0.782	0.785	0.781	0.278618	0.002470	0.300917
20250608_182030	sem	10	0.6	log			0.782	0.785	0.782	0.785	0.781	0.277582	0.002323	0.299809
20250608_182030	sem	10	0.6	log			0.782	0.785	0.782	0.785	0.781	0.290678	0.007126	0.324189
20250608_182030	sem	10	0.6	log			0.782	0.785	0.782	0.785	0.781	0.278944	0.002941	0.302171
20250608_182031	sem	10	0.6	log			0.782	0.785	0.782	0.785	0.781	0.289522	0.004938	0.314298
20250608_182031	sem	10	0.6	log			0.782	0.785	0.782	0.785	0.781	0.277899	0.002136	0.300558
20250608_182032	sem	10	0.9	knn	1	euclidean	0.914	0.920	0.919	0.920	0.920	0.084738	0.482653	0.579537
20250608_182033	sem	10	0.9	knn	1	manhattan	0.912	0.910	0.910	0.910	0.910	0.083143	0.946682	1.042097
20250608_182033	sem	10	0.9	knn	1	chebyshev	0.909	0.914	0.914	0.914	0.914	0.081949	0.362532	0.456398
20250608_182034	sem	10	0.9	knn	3	euclidean	0.926	0.931	0.931	0.931	0.931	0.083486	0.597457	0.693707
20250608_182035	sem	10	0.9	knn	3	manhattan	0.924	0.923	0.922	0.923	0.922	0.083571	1.248744	1.344336
20250608_182036	sem	10	0.9	knn	3	chebyshev	0.915	0.923	0.923	0.923	0.923	0.081006	0.436062	0.528889
20250608_182036	sem	10	0.9	knn	5	euclidean	0.928	0.935	0.934	0.935	0.934	0.082425	0.651617	0.746573
20250608_182038	sem	10	0.9	knn	5	manhattan	0.923	0.927	0.927	0.927	0.927	0.084139	1.415940	1.512407
20250608_182039	sem	10	0.9	knn	5	chebyshev	0.915	0.925	0.924	0.925	0.924	0.082187	0.474839	0.568992
20250608_182039	sem	10	0.9	knn	7	euclidean	0.927	0.934	0.934	0.934	0.934	0.082755	0.706720	0.801833
20250608_182041	sem	10	0.9	knn	7	manhattan	0.925	0.933	0.933	0.933	0.933	0.083574	1.553125	1.648770
20250608_182042	sem	10	0.9	knn	7	chebyshev	0.920	0.927	0.926	0.927	0.926	0.083048	0.510314	0.606179
20250608_182042	sem	10	0.9	log			0.776	0.782	0.782	0.782	0.779	0.520778	0.000859	0.534669
20250608_182043	sem	10	0.9	log			0.776	0.782	0.782	0.782	0.779	0.512861	0.002103	0.528230
20250608_182043	sem	10	0.9	log			0.776	0.782	0.782	0.782	0.779	0.533023	0.000849	0.547366
20250608_182044	sem	10	0.9	log			0.776	0.782	0.782	0.782	0.779	0.541491	0.000927	0.557434
20250608_182044	sem	10	0.9	log			0.776	0.782	0.782	0.782	0.779	0.533177	0.001382	0.547365
20250608_182045	sem	10	0.9	log			0.776	0.782	0.782	0.782	0.779	0.532261	0.001254	0.545922
20250608_182045	sem	10	0.9	log			0.776	0.782	0.782	0.782	0.779	0.523344	0.000835	0.536395
20250608_182046	sem	10	0.9	log			0.776	0.782	0.782	0.782	0.779	0.522593	0.001297	0.535921
20250608_182047	sem	10	0.9	log			0.776	0.782	0.782	0.782	0.779	0.542084	0.003421	0.557917
20250608_182047	sem	10	0.9	log			0.776	0.782	0.782	0.782	0.779	0.543154	0.001475	0.558114
20250608_182048	sem	10	0.9	log			0.776	0.782	0.782	0.782	0.779	0.542897	0.000964	0.556071
20250608_182048	sem	10	0.9	log			0.776	0.782	0.782	0.782	0.779	0.521748	0.001208	0.536223
20250608_182051	sem	50	0.6	knn	1	euclidean	0.975	0.973	0.973	0.973	0.973	0.004408	2.189301	2.217948
20250608_182100	sem	50	0.6	knn	1	manhattan	0.972	0.971	0.971	0.971	0.971	0.004241	9.323298	9.351523
20250608_182110	sem	50	0.6	knn	1	chebyshev	0.963	0.961	0.961	0.961	0.961	0.004182	10.084008	10.112612
20250608_182113	sem	50	0.6	knn	3	euclidean	0.975	0.975	0.975	0.975	0.975	0.003793	2.065931	2.093541
20250608_182123	sem	50	0.6	knn	3	manhattan	0.973	0.972	0.972	0.972	0.972	0.003720	9.963543	9.991412
20250608_182134	sem	50	0.6	knn	3	chebyshev	0.965	0.962	0.962	0.962	0.961	0.003839	11.637310	11.665402
20250608_182137	sem	50	0.6	knn	5	euclidean	0.974	0.973	0.973	0.973	0.973	0.003882	2.368582	2.396563
20250608_182147	sem	50	0.6	knn	5	manhattan	0.972	0.971	0.971	0.971	0.971	0.003734	10.128175	10.155211
20250608_182156	sem	50	0.6	knn	5	chebyshev	0.964	0.962	0.962	0.962	0.962	0.003804	9.336614	9.363919
20250608_182158	sem	50	0.6	knn	7	euclidean	0.974	0.972	0.972	0.972	0.972	0.003702	2.036330	2.063283
20250608_182207	sem	50	0.6	knn	7	manhattan	0.971	0.970	0.970	0.970	0.970	0.003736	8.344823	8.371740
20250608_182216	sem	50	0.6	knn	7	chebyshev	0.964	0.962	0.962	0.962	0.961	0.003784	9.359280	9.386477
20250608_182217	sem	50	0.6	log			0.898	0.901	0.901	0.901	0.900	0.965140	0.003663	0.992391
20250608_182218	sem	50	0.6	log			0.898	0.901	0.901	0.901	0.900	0.966872	0.003696	0.996218
20250608_182219	sem	50	0.6	log			0.898	0.901	0.901	0.901	0.900	0.978573	0.003505	1.006461
20250608_182220	sem	50	0.6	log			0.898	0.901	0.901	0.901	0.900	0.965276	0.004482	0.995829
20250608_182221	sem	50	0.6	log			0.898	0.901	0.901	0.901	0.900	0.987387	0.004251	1.015283
20250608_182222	sem	50	0.6	log			0.898	0.901	0.901	0.901	0.900	0.965583	0.003809	0.993706
20250608_182223	sem	50	0.6	log			0.898	0.901	0.901	0.901	0.900	0.966549	0.003531	0.994292
20250608_182224	sem	50	0.6	log			0.898	0.901	0.901	0.901	0.900	0.976311	0.003729	1.004303
20250608_182225	sem	50	0.6	log			0.898	0.901	0.901	0.901	0.900	0.998086	0.003587	1.025778
20250608_182226	sem	50	0.6	log			0.898	0.901	0.901	0.901	0.900	0.965542	0.003641	0.992843
20250608_182227	sem	50	0.6	log			0.898	0.901	0.901	0.901	0.900	0.966543	0.003592	0.994482
20250608_182228	sem	50	0.6	log			0.898	0.901	0.901	0.901	0.900	0.977628	0.003673	1.005453
20250608_182229	sem	50	0.9	knn	1	euclidean	0.975	0.977	0.977	0.977	0.977	0.005539	0.782364	0.803581
20250608_182233	sem	50	0.9	knn	1	manhattan	0.975	0.976	0.976	0.976	0.976	0.005100	3.957494	3.978094
20250608_182237	sem	50	0.9	knn	1	chebyshev	0.968	0.965	0.965	0.965	0.965	0.004999	4.310126	4.330884
20250608_182238	sem	50	0.9	knn	3	euclidean	0.977	0.977	0.977	0.977	0.977	0.005721	0.781715	0.803208
20250608_182242	sem	50	0.9	knn	3	manhattan	0.975	0.974	0.974	0.974	0.974	0.005002	4.123235	4.143998
20250608_182246	sem	50	0.9	knn	3	chebyshev	0.966	0.965	0.965	0.965	0.965	0.004957	4.400222	4.420451
20250608_182247	sem	50	0.9	knn	5	euclidean	0.975	0.977	0.977	0.977	0.977	0.005133	0.696198	0.717868
20250608_182251	sem	50	0.9	knn	5	manhattan	0.973	0.975	0.975	0.975	0.975	0.005277	3.951417	3.971936
20250608_182255	sem	50	0.9	knn	5	chebyshev	0.967	0.964	0.964	0.964	0.964	0.005137	4.288329	4.308955
20250608_182256	sem	50	0.9	knn	7	euclidean	0.973	0.976	0.976	0.976	0.976	0.005143	0.691565	0.712100
20250608_182300	sem	50	0.9	knn	7	manhattan	0.970	0.973	0.973	0.973	0.973	0.004957	3.819695	3.840172
20250608_182304	sem	50	0.9	knn	7	chebyshev	0.967	0.965	0.965	0.965	0.964	0.005308	4.203590	4.224363
20250608_182306	sem	50	0.9	log			0.900	0.902	0.902	0.902	0.901	1.350333	0.001096	1.367663
20250608_182307	sem	50	0.9	log			0.900	0.902	0.902	0.902	0.901	1.352968	0.001177	1.370450
20250608_182308	sem	50	0.9	log			0.900	0.902	0.902	0.902	0.901	1.352642	0.001242	1.369063
20250608_182310	sem	50	0.9	log			0.900	0.902	0.902	0.902	0.901	1.350402	0.001746	1.368087
20250608_182311	sem	50	0.9	log			0.900	0.902	0.902	0.902	0.901	1.351860	0.001175	1.368139
20250608_182312	sem	50	0.9	log			0.900	0.902	0.902	0.902	0.901	1.364944	0.002970	1.384513
20250608_182314	sem	50	0.9	log			0.900	0.902	0.902	0.902	0.901	1.381808	0.001153	1.400124
20250608_182315	sem	50	0.9	log			0.900	0.902	0.902	0.902	0.901	1.402730	0.001803	1.422468
20250608_182317	sem	50	0.9	log			0.900	0.902	0.902	0.902	0.901	1.442980	0.001216	1.461818
20250608_182318	sem	50	0.9	log			0.900	0.902	0.902	0.902	0.901	1.464109	0.001105	1.483670
20250608_182320	sem	50	0.9	log			0.900	0.902	0.902	0.902	0.901	1.401357	0.001188	1.417955
20250608_182321	sem	50	0.9	log			0.900	0.902	0.902	0.902	0.901	1.442221	0.001105	1.460705
20250608_182324	sem	100	0.6	knn	1	euclidean	0.972	0.973	0.973	0.973	0.973	0.004757	2.502615	2.541507
20250608_182343	sem	100	0.6	knn	1	manhattan	0.968	0.967	0.967	0.967	0.966	0.004543	18.363355	18.399805
20250608_182404	sem	100	0.6	knn	1	chebyshev	0.963	0.961	0.961	0.961	0.961	0.004568	21.515493	21.552287
20250608_182407	sem	100	0.6	knn	3	euclidean	0.973	0.973	0.973	0.973	0.972	0.004556	2.526318	2.563475
20250608_182425	sem	100	0.6	knn	3	manhattan	0.967	0.967	0.967	0.967	0.967	0.004546	18.383466	18.420489
20250608_182447	sem	100	0.6	knn	3	chebyshev	0.965	0.962	0.962	0.962	0.962	0.004554	22.199755	22.236244
20250608_182450	sem	100	0.6	knn	5	euclidean	0.972	0.971	0.971	0.971	0.971	0.004576	2.482453	2.518955
20250608_182509	sem	100	0.6	knn	5	manhattan	0.966	0.965	0.965	0.965	0.965	0.004558	18.650864	18.687858
20250608_182530	sem	100	0.6	knn	5	chebyshev	0.964	0.962	0.962	0.962	0.962	0.004570	21.701077	21.738298
20250608_182533	sem	100	0.6	knn	7	euclidean	0.971	0.971	0.971	0.971	0.971	0.004614	2.603737	2.641076
20250608_182551	sem	100	0.6	knn	7	manhattan	0.965	0.964	0.965	0.964	0.964	0.004818	18.335794	18.374262
20250608_182613	sem	100	0.6	knn	7	chebyshev	0.963	0.961	0.961	0.961	0.961	0.004563	21.698037	21.734729
20250608_182617	sem	100	0.6	log			0.910	0.912	0.912	0.912	0.911	3.561702	0.005555	3.601997
20250608_182620	sem	100	0.6	log			0.910	0.912	0.912	0.912	0.911	3.621462	0.005417	3.660048
20250608_182624	sem	100	0.6	log			0.910	0.912	0.912	0.912	0.911	3.548400	0.005612	3.586657
20250608_182628	sem	100	0.6	log			0.910	0.912	0.912	0.912	0.911	3.612758	0.005398	3.655771
20250608_182631	sem	100	0.6	log			0.910	0.912	0.912	0.912	0.911	3.574039	0.005405	3.612211
20250608_182635	sem	100	0.6	log			0.910	0.912	0.912	0.912	0.911	3.560855	0.005564	3.601995
20250608_182638	sem	100	0.6	log			0.910	0.912	0.912	0.912	0.911	3.601376	0.005503	3.642004
20250608_182642	sem	100	0.6	log			0.910	0.912	0.912	0.912	0.911	3.560841	0.005406	3.601358
20250608_182646	sem	100	0.6	log			0.910	0.912	0.912	0.912	0.911	3.560302	0.005587	3.599463
20250608_182649	sem	100	0.6	log			0.910	0.912	0.912	0.912	0.911	3.604669	0.005847	3.644200
20250608_182653	sem	100	0.6	log			0.910	0.912	0.912	0.912	0.911	3.553130	0.005537	3.592775
20250608_182656	sem	100	0.6	log			0.910	0.912	0.912	0.912	0.911	3.550814	0.005315	3.588460
20250608_182657	sem	100	0.9	knn	1	euclidean	0.979	0.976	0.976	0.976	0.976	0.006693	0.875055	0.906062
20250608_182706	sem	100	0.9	knn	1	manhattan	0.974	0.968	0.968	0.968	0.968	0.006538	8.352846	8.382706
20250608_182716	sem	100	0.9	knn	1	chebyshev	0.965	0.965	0.965	0.965	0.965	0.006321	9.790728	9.820514
20250608_182717	sem	100	0.9	knn	3	euclidean	0.975	0.975	0.975	0.975	0.975	0.006336	0.887411	0.916933
20250608_182725	sem	100	0.9	knn	3	manhattan	0.971	0.966	0.967	0.966	0.966	0.006532	8.101823	8.131778
20250608_182734	sem	100	0.9	knn	3	chebyshev	0.965	0.965	0.965	0.965	0.965	0.006345	9.784257	9.814090
20250608_182735	sem	100	0.9	knn	5	euclidean	0.972	0.975	0.976	0.975	0.975	0.006337	0.836780	0.866104
20250608_182744	sem	100	0.9	knn	5	manhattan	0.968	0.968	0.968	0.968	0.968	0.006346	8.150280	8.179696
20250608_182753	sem	100	0.9	knn	5	chebyshev	0.966	0.964	0.964	0.964	0.964	0.006270	9.824676	9.854396
20250608_182754	sem	100	0.9	knn	7	euclidean	0.969	0.975	0.975	0.975	0.975	0.006471	0.880898	0.910726
20250608_182803	sem	100	0.9	knn	7	manhattan	0.966	0.966	0.966	0.966	0.966	0.006285	8.259924	8.290092
20250608_182812	sem	100	0.9	knn	7	chebyshev	0.965	0.964	0.964	0.964	0.964	0.006646	9.833348	9.863475
20250608_182816	sem	100	0.9	log			0.910	0.907	0.907	0.907	0.907	3.927659	0.001542	3.952949
20250608_182820	sem	100	0.9	log			0.910	0.907	0.907	0.907	0.907	3.926953	0.001534	3.952250
20250608_182824	sem	100	0.9	log			0.910	0.907	0.907	0.907	0.907	3.945358	0.001627	3.971010
20250608_182828	sem	100	0.9	log			0.910	0.907	0.907	0.907	0.907	3.936657	0.001567	3.962326
20250608_182832	sem	100	0.9	log			0.910	0.907	0.907	0.907	0.907	3.946003	0.002678	3.972482
20250608_182836	sem	100	0.9	log			0.910	0.907	0.907	0.907	0.907	3.926518	0.001600	3.953232
20250608_182840	sem	100	0.9	log			0.910	0.907	0.907	0.907	0.907	3.956600	0.001751	3.981974
20250608_182844	sem	100	0.9	log			0.910	0.907	0.907	0.907	0.907	3.989649	0.001611	4.016296
20250608_182848	sem	100	0.9	log			0.910	0.907	0.907	0.907	0.907	3.941836	0.001589	3.966787
20250608_182852	sem	100	0.9	log			0.910	0.907	0.907	0.907	0.907	3.936331	0.001729	3.961669
20250608_182856	sem	100	0.9	log			0.910	0.907	0.907	0.907	0.907	3.924991	0.001568	3.957724
20250608_182900	sem	100	0.9	log			0.910	0.907	0.907	0.907	0.907	3.997214	0.001725	4.023529
20250608_182904	sem	150	0.6	knn	1	euclidean	0.971	0.972	0.972	0.972	0.972	0.005416	2.979845	3.025818
20250608_182935	sem	150	0.6	knn	1	manhattan	0.964	0.963	0.963	0.963	0.963	0.005419	31.377559	31.423305
20250608_183009	sem	150	0.6	knn	1	chebyshev	0.963	0.961	0.961	0.961	0.961	0.005642	33.974586	34.021034
20250608_183012	sem	150	0.6	knn	3	euclidean	0.972	0.972	0.972	0.972	0.972	0.005617	3.042626	3.089078
20250608_183044	sem	150	0.6	knn	3	manhattan	0.963	0.963	0.963	0.963	0.963	0.005578	31.392246	31.438730
20250608_183118	sem	150	0.6	knn	3	chebyshev	0.965	0.962	0.962	0.962	0.962	0.005421	33.783646	33.829809
20250608_183121	sem	150	0.6	knn	5	euclidean	0.970	0.970	0.970	0.970	0.970	0.005419	3.035314	3.081145
20250608_183153	sem	150	0.6	knn	5	manhattan	0.963	0.962	0.962	0.962	0.961	0.005534	32.135760	32.182206
20250608_183228	sem	150	0.6	knn	5	chebyshev	0.964	0.962	0.962	0.962	0.962	0.005409	34.772996	34.819421
20250608_183231	sem	150	0.6	knn	7	euclidean	0.968	0.969	0.969	0.969	0.969	0.005454	2.971703	3.017286
20250608_183302	sem	150	0.6	knn	7	manhattan	0.960	0.960	0.961	0.960	0.960	0.005397	31.391466	31.437150
20250608_183336	sem	150	0.6	knn	7	chebyshev	0.963	0.961	0.961	0.961	0.961	0.005365	33.719116	33.765020
20250608_183358	sem	150	0.6	log			0.915	0.916	0.916	0.916	0.916	21.993956	0.007699	22.043379
20250608_183420	sem	150	0.6	log			0.915	0.916	0.916	0.916	0.916	21.593865	0.007564	21.642385
20250608_183441	sem	150	0.6	log			0.915	0.916	0.916	0.916	0.916	21.596662	0.011148	21.652274
20250608_183503	sem	150	0.6	log			0.915	0.916	0.916	0.916	0.916	21.875850	0.008043	21.928808
20250608_183525	sem	150	0.6	log			0.915	0.916	0.916	0.916	0.916	21.731258	0.007265	21.782025
20250608_183547	sem	150	0.6	log			0.915	0.916	0.916	0.916	0.916	21.519903	0.007336	21.572053
20250608_183609	sem	150	0.6	log			0.915	0.916	0.916	0.916	0.916	21.992119	0.007683	22.042370
20250608_183630	sem	150	0.6	log			0.915	0.916	0.916	0.916	0.916	21.676559	0.008428	21.731400
20250608_183652	sem	150	0.6	log			0.915	0.916	0.916	0.916	0.916	21.924464	0.007401	21.989542
20250608_183714	sem	150	0.6	log			0.915	0.916	0.916	0.916	0.916	21.663575	0.010261	21.714761
20250608_183736	sem	150	0.6	log			0.915	0.916	0.916	0.916	0.916	21.517436	0.007887	21.568503
20250608_183757	sem	150	0.6	log			0.915	0.916	0.916	0.916	0.916	21.543307	0.007416	21.602980
20250608_183758	sem	150	0.9	knn	1	euclidean	0.976	0.974	0.974	0.974	0.974	0.009509	1.115371	1.157751
20250608_183813	sem	150	0.9	knn	1	manhattan	0.970	0.965	0.965	0.965	0.964	0.007692	14.249574	14.286649
20250608_183828	sem	150	0.9	knn	1	chebyshev	0.965	0.965	0.965	0.965	0.965	0.007588	15.604712	15.641743
20250608_183830	sem	150	0.9	knn	3	euclidean	0.976	0.972	0.972	0.972	0.972	0.008190	1.254484	1.291905
20250608_183844	sem	150	0.9	knn	3	manhattan	0.966	0.964	0.964	0.964	0.964	0.007619	14.765774	14.801862
20250608_183900	sem	150	0.9	knn	3	chebyshev	0.965	0.965	0.965	0.965	0.965	0.008131	15.459877	15.497407
20250608_183901	sem	150	0.9	knn	5	euclidean	0.972	0.971	0.972	0.971	0.971	0.007844	1.151537	1.188501
20250608_183916	sem	150	0.9	knn	5	manhattan	0.965	0.963	0.964	0.963	0.963	0.008256	14.876331	14.916815
20250608_183931	sem	150	0.9	knn	5	chebyshev	0.966	0.964	0.964	0.964	0.964	0.008530	15.139465	15.179627
20250608_183932	sem	150	0.9	knn	7	euclidean	0.971	0.973	0.974	0.973	0.973	0.007770	1.263879	1.302515
20250608_183947	sem	150	0.9	knn	7	manhattan	0.964	0.964	0.965	0.964	0.964	0.007742	14.979112	15.016386
20250608_184002	sem	150	0.9	knn	7	chebyshev	0.965	0.964	0.964	0.964	0.964	0.008092	14.860907	14.897721
20250608_184025	sem	150	0.9	log			0.914	0.914	0.914	0.914	0.913	22.730922	0.002004	22.762450
20250608_184048	sem	150	0.9	log			0.914	0.914	0.914	0.914	0.913	22.621391	0.002142	22.652751
20250608_184110	sem	150	0.9	log			0.914	0.914	0.914	0.914	0.913	22.702702	0.002154	22.736656
20250608_184133	sem	150	0.9	log			0.914	0.914	0.914	0.914	0.913	22.858935	0.002021	22.891048
20250608_184156	sem	150	0.9	log			0.914	0.914	0.914	0.914	0.913	22.603103	0.002021	22.635165
20250608_184218	sem	150	0.9	log			0.914	0.914	0.914	0.914	0.913	22.345259	0.003182	22.381891
20250608_184241	sem	150	0.9	log			0.914	0.914	0.914	0.914	0.913	22.848249	0.003589	22.883736
20250608_184304	sem	150	0.9	log			0.914	0.914	0.914	0.914	0.913	22.594138	0.002028	22.624842
20250608_184327	sem	150	0.9	log			0.914	0.914	0.914	0.914	0.913	22.590501	0.002043	22.622577
20250608_184349	sem	150	0.9	log			0.914	0.914	0.914	0.914	0.913	22.590608	0.002027	22.623708
20250608_184412	sem	150	0.9	log			0.914	0.914	0.914	0.914	0.913	22.802510	0.002244	22.836833
20250608_184435	sem	150	0.9	log			0.914	0.914	0.914	0.914	0.913	23.103194	0.002116	23.136384
